브랜드,보배 모델,보배 세부모델,코드,연식,보배 세대,value,당근 시리즈,당근 subseries,판정,확신도,규칙,이유,당근 공유
"벤츠","A클래스","A클래스","W177","19년~현재","4","1570","A클래스","A클래스(4세대)","연결","높음","세대 번호 일치","보배 4세대 = 당근 ""A클래스(4세대)""(최신 세대 번호 양쪽 4)",""
"벤츠","A클래스","A클래스","W176","13~18년","3","1158","A클래스","A클래스(3세대)","연결","높음","세대 번호 일치","보배 3세대 = 당근 ""A클래스(3세대)""(최신 세대 번호 양쪽 4)",""
"벤츠","A클래스","A클래스","W168","97~04년","1","1619","A클래스","A클래스(1세대)","연결","높음","세대 번호 일치","보배 1세대 = 당근 ""A클래스(1세대)""(최신 세대 번호 양쪽 4)",""
"벤츠","C클래스","C클래스","W206","22년~현재","5","1197","C클래스","C클래스(5세대)","연결","높음","세대 번호 일치","보배 5세대 = 당근 ""C클래스(5세대)""(최신 세대 번호 양쪽 5)",""
"벤츠","C클래스","C클래스","W205","14년~현재","4","1267","C클래스","C클래스(4세대)","연결","높음","세대 번호 일치","보배 4세대 = 당근 ""C클래스(4세대)""(최신 세대 번호 양쪽 5)",""
"벤츠","C클래스","C클래스","W204","07~14년","3","761","C클래스","C클래스(3세대)","연결","높음","세대 번호 일치","보배 3세대 = 당근 ""C클래스(3세대)""(최신 세대 번호 양쪽 5)",""
"벤츠","E클래스","E클래스","W214","24년~현재","11","360","E클래스","E클래스(6세대)","연결","중간","세대 밀어 맞춤","보배 번호 11 − 5 = 당근 ""E클래스(6세대)""(보배 번호가 당근에 없어 보배 최신 11세대 ""~현재"" ↔ 당근 최신 6세대로 맞춤)",""
"벤츠","E클래스","E클래스","W213","16년~현재","10","1316","E클래스","E클래스(5세대)","연결","중간","세대 밀어 맞춤","보배 번호 10 − 5 = 당근 ""E클래스(5세대)""(보배 번호가 당근에 없어 보배 최신 11세대 ""~현재"" ↔ 당근 최신 6세대로 맞춤)",""
"벤츠","E클래스","E클래스","W212","09~17년","9","939","E클래스","E클래스(4세대)","연결","중간","세대 밀어 맞춤","보배 번호 9 − 5 = 당근 ""E클래스(4세대)""(보배 번호가 당근에 없어 보배 최신 11세대 ""~현재"" ↔ 당근 최신 6세대로 맞춤)",""
"벤츠","E클래스","E클래스","W211","02~09년","8","1548","E클래스","E클래스(3세대)","연결","중간","세대 밀어 맞춤","보배 번호 8 − 5 = 당근 ""E클래스(3세대)""(보배 번호가 당근에 없어 보배 최신 11세대 ""~현재"" ↔ 당근 최신 6세대로 맞춤)",""
"벤츠","E클래스","E클래스","","36~95년","","201","E클래스","","보배 대체","","","연결 근거 없음(당근 E클래스(6세대), E클래스(5세대), E클래스(4세대), E클래스(3세대), E클래스(2세대), E클래스(1세대))",""
"벤츠","CLA클래스","CLA클래스","C118","20년~현재","2","1785","CLA클래스","CLA클래스(2세대)","연결","중간","세대 번호 일치","보배 2세대 = 당근 ""CLA클래스(2세대)""(당근에 더 새 3세대 있음 — 번호 체계 같다고 봄)",""
"벤츠","CLA클래스","CLA클래스","C117","14~19년","1","1165","CLA클래스","CLA클래스","연결","중간","세대 없는 이름 = 1세대","보배 1세대 = 당근 ""CLA클래스""(당근은 CLA클래스(3세대), CLA클래스(2세대) 외 세대 없는 이름)(당근에 더 새 3세대 있음 — 번호 체계 같다고 봄)",""
"벤츠","CLE클래스","CLE클래스","C236","24년~현재","","2004","CLE","CLE","연결","높음","단일 일치","양쪽 하나뿐 ""CLE""",""
"벤츠","CLS클래스","CLS클래스","C257","18년~현재","3","1447","CLS클래스","CLS클래스(3세대)","연결","높음","세대 번호 일치","보배 3세대 = 당근 ""CLS클래스(3세대)""(최신 세대 번호 양쪽 3)",""
"벤츠","CLS클래스","CLS클래스","W218","10~17년","2","864","CLS클래스","CLS클래스(2세대)","연결","높음","세대 번호 일치","보배 2세대 = 당근 ""CLS클래스(2세대)""(최신 세대 번호 양쪽 3)",""
"벤츠","CLS클래스","CLS클래스","W219","04~11년","1","583","CLS클래스","CLS클래스(1세대)","연결","높음","세대 번호 일치","보배 1세대 = 당근 ""CLS클래스(1세대)""(최신 세대 번호 양쪽 3)",""
"벤츠","S클래스","S클래스","W223","21년~현재","7","1859","S클래스","S클래스(7세대)","연결","높음","세대 번호 일치","보배 7세대 = 당근 ""S클래스(7세대)""(최신 세대 번호 양쪽 7)",""
"벤츠","S클래스","S클래스","W222","13~21년","6","1272","S클래스","S클래스(6세대)","연결","높음","세대 번호 일치","보배 6세대 = 당근 ""S클래스(6세대)""(최신 세대 번호 양쪽 7)",""
"벤츠","S클래스","S클래스","W221","05~13년","5","621","S클래스","S클래스(5세대)","연결","높음","세대 번호 일치","보배 5세대 = 당근 ""S클래스(5세대)""(최신 세대 번호 양쪽 7)",""
"벤츠","S클래스","S클래스","W220","98~06년","4","1553","S클래스","S클래스(4세대)","연결","높음","세대 번호 일치","보배 4세대 = 당근 ""S클래스(4세대)""(최신 세대 번호 양쪽 7)",""
"벤츠","S클래스","S클래스","W140","93~01년","3","1557","S클래스","S클래스(3세대)","연결","높음","세대 번호 일치","보배 3세대 = 당근 ""S클래스(3세대)""(최신 세대 번호 양쪽 7)",""
"벤츠","마이바흐 S클래스","마이바흐","Z223","21년~현재","2","1886","마이바흐","","보배 대체","","","당근 모델 없음",""
"벤츠","마이바흐 S클래스","마이바흐","W222","15년~20년","1","558","마이바흐","","빈 칸","","","당근 모델 없음",""
"벤츠","마이바흐 GLS클래스","마이바흐 GLS클래스","","20년~현재","","1870","","","보배 대체","","","당근 모델 없음",""
"벤츠","GLA클래스","GLA클래스","H247","20년~현재","2","1684","GLA클래스","GLA클래스(2세대)","연결","높음","세대 번호 일치","보배 2세대 = 당근 ""GLA클래스(2세대)""(최신 세대 번호 양쪽 2)",""
"벤츠","GLA클래스","GLA클래스","X156","14~20년","1","1188","GLA클래스","GLA클래스","연결","중간","세대 없는 이름 = 1세대","보배 1세대 = 당근 ""GLA클래스""(당근은 GLA클래스(2세대) 외 세대 없는 이름)(최신 세대 번호 양쪽 2)",""
"벤츠","GLB클래스","GLB클래스","X247","20년~현재","1","1846","GLB클래스","GLB클래스","연결","높음","이름 일치","당근 이름 ""GLB클래스"" = 보배 ""GLB클래스""",""
"벤츠","GLC클래스","GLC클래스","X254","23년~현재","2","1427","GLC클래스","GLC클래스(2세대)","연결","높음","세대 번호 일치","보배 2세대 = 당근 ""GLC클래스(2세대)""(최신 세대 번호 양쪽 2)",""
"벤츠","GLC클래스","GLC클래스","X253","16년~현재","1","1255","GLC클래스","GLC클래스","연결","중간","세대 없는 이름 = 1세대","보배 1세대 = 당근 ""GLC클래스""(당근은 GLC클래스(2세대) 외 세대 없는 이름)(최신 세대 번호 양쪽 2)",""
"벤츠","GLE클래스","GLE클래스","W167","19년~현재","2","1689","GLE클래스","GLE클래스(4세대)","연결","중간","세대 밀어 맞춤","보배 번호 2 − -2 = 당근 ""GLE클래스(4세대)""(보배 번호가 당근에 없어 보배 최신 2세대 ""~현재"" ↔ 당근 최신 4세대로 맞춤)",""
"벤츠","GLE클래스","GLE클래스","W166","16~19년","1","1248","GLE클래스","GLE클래스(3세대)","연결","중간","세대 밀어 맞춤","보배 번호 1 − -2 = 당근 ""GLE클래스(3세대)""(보배 번호가 당근에 없어 보배 최신 2세대 ""~현재"" ↔ 당근 최신 4세대로 맞춤)",""
"벤츠","GLK클래스","GLK클래스","X204","09~15년","","810","GLK클래스","GLK클래스","연결","높음","이름 일치","당근 이름 ""GLK클래스"" = 보배 ""GLK클래스""",""
"벤츠","GLS클래스","GLS클래스","X167","20년~현재","3","1826","GLS클래스","","보배 대체","","","연결 근거 없음(당근 GLS클래스(3세대), GLS클래스)",""
"벤츠","GLS클래스","GLS클래스","X166","16~19년","2","1270","GLS클래스","","보배 대체","","","연결 근거 없음(당근 GLS클래스(3세대), GLS클래스)",""
"벤츠","GL클래스","GL클래스","X166","12~16년","2","1324","GL클래스","GL클래스(2세대)","연결","높음","세대 번호 일치","보배 2세대 = 당근 ""GL클래스(2세대)""(최신 세대 번호 양쪽 2)",""
"벤츠","G클래스","G클래스","W463b","19년~현재","3","1455","G클래스","G클래스(3세대)","연결","높음","세대 번호 일치","보배 3세대 = 당근 ""G클래스(3세대)""(최신 세대 번호 양쪽 3)",""
"벤츠","G클래스","G클래스","W463","90~18년","2","203","G클래스","G클래스(2세대)","연결","높음","세대 번호 일치","보배 2세대 = 당근 ""G클래스(2세대)""(최신 세대 번호 양쪽 3)",""
"벤츠","G클래스","G클래스","W460,W461","79~01년","1","1575","G클래스","G클래스(1세대)","연결","높음","세대 번호 일치","보배 1세대 = 당근 ""G클래스(1세대)""(최신 세대 번호 양쪽 3)",""
"벤츠","M클래스","M클래스","W166","12~15년","3","1109","M클래스","M클래스(3세대)","연결","높음","세대 번호 일치","보배 3세대 = 당근 ""M클래스(3세대)""(최신 세대 번호 양쪽 3)",""
"벤츠","AMG GT","AMG GT","C192","25년~현재","2","2076","AMG GT","AMG GT(2세대)","연결","높음","세대 번호 일치","보배 2세대 = 당근 ""AMG GT(2세대)""(최신 세대 번호 양쪽 2)",""
"벤츠","AMG GT","AMG GT","C190","14년~현재","1","1220","AMG GT","AMG GT","연결","중간","세대 없는 이름 = 1세대","보배 1세대 = 당근 ""AMG GT""(당근은 AMG GT(2세대) 외 세대 없는 이름)(최신 세대 번호 양쪽 2)",""
"벤츠","R클래스","R클래스","W251","05~13년","","719","R클래스","R클래스","연결","높음","이름 일치","당근 이름 ""R클래스"" = 보배 ""R클래스""",""
"벤츠","V클래스","V클래스","W447","14년~현재","3","1273","V클래스","","빈 칸","","","연결 근거 없음(당근 V클래스)",""
"벤츠","스프린터","스프린터","W907","19년~현재","3","1470","스프린터","스프린터(3세대)","연결","높음","세대 번호 일치","보배 3세대 = 당근 ""스프린터(3세대)""(최신 세대 번호 양쪽 3)",""
"벤츠","스프린터","스프린터","W906","06~18년","2","1082","스프린터","스프린터(2세대)","연결","높음","세대 번호 일치","보배 2세대 = 당근 ""스프린터(2세대)""(최신 세대 번호 양쪽 3)",""
"벤츠","스프린터","스프린터","W903","95~06년","1","1576","스프린터","스프린터","연결","중간","세대 없는 이름 = 1세대","보배 1세대 = 당근 ""스프린터""(당근은 스프린터(3세대), 스프린터(2세대) 외 세대 없는 이름)(최신 세대 번호 양쪽 3)",""
"벤츠","EQA","EQA","H243","21년~현재","","1894","EQA","EQA","연결","높음","이름 일치","당근 이름 ""EQA"" = 보배 ""EQA""",""
"벤츠","EQB","EQB","X243","22년~현재","","1602","EQB","EQB","연결","높음","이름 일치","당근 이름 ""EQB"" = 보배 ""EQB""",""
"벤츠","EQE","EQE","","22년~현재","","729","EQE","EQE","연결","높음","이름 일치","당근 이름 ""EQE"" = 보배 ""EQE""",""
"벤츠","EQS","EQS","V297","21년~현재","","1784","EQS","EQS","연결","높음","이름 일치","당근 이름 ""EQS"" = 보배 ""EQS""",""
"벤츠","EQE SUV","EQE","X294","23년~현재","","1970","EQE","EQE SUV","연결","높음","단일 일치","양쪽 하나뿐 ""EQE SUV""",""
"벤츠","EQS SUV","EQS","X296","23년~현재","","70","EQS","EQS SUV","연결","높음","단일 일치","양쪽 하나뿐 ""EQS SUV""",""
"벤츠","마이바흐 EQS SUV","마이바흐 EQS","X296","24년~현재","","2025","","","빈 칸","","","당근 모델 없음",""
"벤츠","SLK클래스","SLK클래스","R171","04~10년","2","545","SLK클래스","SLK클래스(2세대)","연결","높음","세대 번호 일치","보배 2세대 = 당근 ""SLK클래스(2세대)""(최신 세대 번호 양쪽 3)",""
"벤츠","SL클래스","SL클래스","R232","23년~현재","7","565","SL클래스","SL클래스(7세대)","연결","높음","세대 번호 일치","보배 7세대 = 당근 ""SL클래스(7세대)""(최신 세대 번호 양쪽 7)",""
"벤츠","SL클래스","SL클래스","R231","12년~현재","6","792","SL클래스","SL클래스(6세대)","연결","높음","세대 번호 일치","보배 6세대 = 당근 ""SL클래스(6세대)""(최신 세대 번호 양쪽 7)",""
"벤츠","SL클래스","SL클래스","R230","02~12년","5","207","SL클래스","SL클래스(5세대)","연결","높음","세대 번호 일치","보배 5세대 = 당근 ""SL클래스(5세대)""(최신 세대 번호 양쪽 7)",""
"벤츠","SL클래스","SL클래스","","54~02년","","808","SL클래스","","보배 대체","","","연결 근거 없음(당근 SL클래스(7세대), SL클래스(6세대), SL클래스(5세대), SL클래스(4세대), SL클래스(3세대), SL클래스(2세대), SL클래스(1세대))",""
"벤츠","CL클래스","CL클래스","C216","07~13년","3","793","CL클래스","CL클래스(3세대)","연결","높음","세대 번호 일치","보배 3세대 = 당근 ""CL클래스(3세대)""(최신 세대 번호 양쪽 3)",""
"벤츠","CL클래스","CL클래스","C215","92~06년","2","210","CL클래스","CL클래스(2세대)","연결","높음","세대 번호 일치","보배 2세대 = 당근 ""CL클래스(2세대)""(최신 세대 번호 양쪽 3)",""
"벤츠","SLS AMG","SLS AMG","C197","10~14년","","977","SLS AMG","SLS AMG","연결","높음","이름 일치","당근 이름 ""SLS AMG"" = 보배 ""SLS AMG""",""
"벤츠","SLR 맥라렌","SLR 맥라렌","C199, R199, Z199","03~10년","","600","","","보배 대체","","","당근 모델 없음",""
"벤츠","SEL/SEC","SEL","","53~94년","","1083","","","보배 대체","","","당근 모델 없음",""
"벤츠","190","190","W201","82~94년","","1097","190","190-클래스","연결","높음","단일 일치","양쪽 하나뿐 ""190-클래스""",""
"벤츠","280","280","","67~86년","","1457","","","보배 대체","","","당근 모델 없음",""
"벤츠","기타","기타","","","","1582","","","빈 칸","","","당근 모델 없음",""
"BMW","1시리즈","1시리즈","F40","20~24년","3","1693","1시리즈","1시리즈(3세대)","연결","높음","세대 번호 일치","보배 3세대 = 당근 ""1시리즈(3세대)""(최신 세대 번호 양쪽 4)",""
"BMW","1시리즈","1시리즈","F20","12~19년","2","1131","1시리즈","1시리즈(2세대)","연결","높음","세대 번호 일치","보배 2세대 = 당근 ""1시리즈(2세대)""(최신 세대 번호 양쪽 4)",""
"BMW","1시리즈","1시리즈","E82","04~13년","1","721","1시리즈","1시리즈(1세대)","연결","높음","세대 번호 일치","보배 1세대 = 당근 ""1시리즈(1세대)""(최신 세대 번호 양쪽 4)",""
"BMW","2시리즈","2시리즈","G42","22년~현재","2","215","2시리즈","2시리즈(2세대)","연결","높음","세대 번호 일치","보배 2세대 = 당근 ""2시리즈(2세대)""(최신 세대 번호 양쪽 2)",""
"BMW","2시리즈","2시리즈 액티브 투어러","U06","22년~현재","2","425","2시리즈","액티브투어러(2세대)","연결","높음","파생형 세대 일치","보배 ""2시리즈 액티브 투어러"" 2세대 = 당근 ""액티브투어러(2세대)""",""
"BMW","2시리즈","2시리즈 그란쿠페","F44","20~24년","1","1683","2시리즈","","빈 칸","","","연결 근거 없음(당근 2시리즈 그란쿠페(2세대), 액티브투어러(2세대), 2시리즈(2세대), 2시리즈(1세대))",""
"BMW","2시리즈","2시리즈 액티브 투어러","F45","14~22년","1","1755","2시리즈","","빈 칸","","","연결 근거 없음(당근 2시리즈 그란쿠페(2세대), 액티브투어러(2세대), 2시리즈(2세대), 2시리즈(1세대))",""
"BMW","3시리즈","3시리즈","G20","19년~현재","7","1482","3시리즈","3시리즈(7세대)","연결","높음","세대 번호 일치","보배 7세대 = 당근 ""3시리즈(7세대)""(최신 세대 번호 양쪽 7)",""
"BMW","3시리즈","3시리즈","F30","12~18년","6","1321","3시리즈","3시리즈(6세대)","연결","높음","세대 번호 일치","보배 6세대 = 당근 ""3시리즈(6세대)""(최신 세대 번호 양쪽 7)",""
"BMW","3시리즈","3시리즈","E90","05~13년","5","593","3시리즈","3시리즈(5세대)","연결","높음","세대 번호 일치","보배 5세대 = 당근 ""3시리즈(5세대)""(최신 세대 번호 양쪽 7)",""
"BMW","3시리즈","3시리즈","E46","97~06년","4","1","3시리즈","3시리즈(4세대)","연결","높음","세대 번호 일치","보배 4세대 = 당근 ""3시리즈(4세대)""(최신 세대 번호 양쪽 7)",""
"BMW","4시리즈","4시리즈","G22","21년~현재","2","1868","4시리즈","4시리즈(2세대)","연결","높음","세대 번호 일치","보배 2세대 = 당근 ""4시리즈(2세대)""(최신 세대 번호 양쪽 2)",""
"BMW","4시리즈","4시리즈","F32","13~20년","1","1168","4시리즈","4시리즈(1세대)","연결","높음","세대 번호 일치","보배 1세대 = 당근 ""4시리즈(1세대)""(최신 세대 번호 양쪽 2)",""
"BMW","5시리즈","5시리즈","G60","23년~현재","8","1985","5시리즈","5시리즈(8세대)","연결","높음","세대 번호 일치","보배 8세대 = 당근 ""5시리즈(8세대)""(최신 세대 번호 양쪽 8)",""
"BMW","5시리즈","5시리즈","G30","17~23년","7","1346","5시리즈","5시리즈(7세대)","연결","높음","세대 번호 일치","보배 7세대 = 당근 ""5시리즈(7세대)""(최신 세대 번호 양쪽 8)",""
"BMW","5시리즈","5시리즈","F10","10~16년","6","1317","5시리즈","5시리즈(6세대)","연결","높음","세대 번호 일치","보배 6세대 = 당근 ""5시리즈(6세대)""(최신 세대 번호 양쪽 8)",""
"BMW","5시리즈","5시리즈","E60","03~10년","5","441","5시리즈","5시리즈(5세대)","연결","높음","세대 번호 일치","보배 5세대 = 당근 ""5시리즈(5세대)""(최신 세대 번호 양쪽 8)",""
"BMW","5시리즈","5시리즈","E39","95~03년","4","2","5시리즈","5시리즈(4세대)","연결","높음","세대 번호 일치","보배 4세대 = 당근 ""5시리즈(4세대)""(최신 세대 번호 양쪽 8)",""
"BMW","5시리즈","5시리즈","","72~96년","","1681","5시리즈","","빈 칸","","","연결 근거 없음(당근 5시리즈(8세대), 5시리즈(7세대), 5시리즈(6세대), 5시리즈(5세대), 5시리즈(4세대), 5시리즈(3세대), 5시리즈(2세대), 5시리즈(1세대))",""
"BMW","6시리즈","6시리즈","F12","11~18년","3","1013","6시리즈","6시리즈(3세대)","연결","높음","세대 번호 일치","보배 3세대 = 당근 ""6시리즈(3세대)""(최신 세대 번호 양쪽 3)",""
"BMW","6시리즈","6시리즈","E63","03~10년","2","572","6시리즈","6시리즈(2세대)","연결","높음","세대 번호 일치","보배 2세대 = 당근 ""6시리즈(2세대)""(최신 세대 번호 양쪽 3)",""
"BMW","6시리즈","6시리즈","E24","76~89년","1","1550","6시리즈","6시리즈(1세대)","연결","높음","세대 번호 일치","보배 1세대 = 당근 ""6시리즈(1세대)""(최신 세대 번호 양쪽 3)",""
"BMW","7시리즈","7시리즈","G70","22년~현재","7","82","7시리즈","7시리즈(7세대)","연결","높음","세대 번호 일치","보배 7세대 = 당근 ""7시리즈(7세대)""(최신 세대 번호 양쪽 7)",""
"BMW","7시리즈","7시리즈","G11","16~22년","6","1268","7시리즈","7시리즈(6세대)","연결","높음","세대 번호 일치","보배 6세대 = 당근 ""7시리즈(6세대)""(최신 세대 번호 양쪽 7)",""
"BMW","7시리즈","7시리즈","F01","08~15년","5","866","7시리즈","7시리즈(5세대)","연결","높음","세대 번호 일치","보배 5세대 = 당근 ""7시리즈(5세대)""(최신 세대 번호 양쪽 7)",""
"BMW","7시리즈","7시리즈","E65","02~09년","4","3","7시리즈","7시리즈(4세대)","연결","높음","세대 번호 일치","보배 4세대 = 당근 ""7시리즈(4세대)""(최신 세대 번호 양쪽 7)",""
"BMW","7시리즈","7시리즈","E38","94~01년","3","1551","7시리즈","7시리즈(3세대)","연결","높음","세대 번호 일치","보배 3세대 = 당근 ""7시리즈(3세대)""(최신 세대 번호 양쪽 7)",""
"BMW","8시리즈","8시리즈","G15","19년~현재","2","1552","8시리즈","8시리즈(2세대)","연결","높음","세대 번호 일치","보배 2세대 = 당근 ""8시리즈(2세대)""(최신 세대 번호 양쪽 2)",""
"BMW","8시리즈","8시리즈","E31","89~99년","1","4","8시리즈","8시리즈","연결","중간","세대 없는 이름 = 1세대","보배 1세대 = 당근 ""8시리즈""(당근은 8시리즈(2세대) 외 세대 없는 이름)(최신 세대 번호 양쪽 2)",""
"BMW","그란투리스모","6시리즈 GT","G32","17년~현재","","1574","그란투리스모(GT)","","보배 대체","","","연결 근거 없음(당근 그란투리스모(GT) 6시리즈, 그란투리스모(GT) 3시리즈, 그란투리스모(GT) 5시리즈)",""
"BMW","그란투리스모","5시리즈 GT","F07","10~17년","","978","그란투리스모(GT)","","보배 대체","","","연결 근거 없음(당근 그란투리스모(GT) 6시리즈, 그란투리스모(GT) 3시리즈, 그란투리스모(GT) 5시리즈)",""
"BMW","그란투리스모","3시리즈 GT","F34","13년~현재","","1383","그란투리스모(GT)","","보배 대체","","","연결 근거 없음(당근 그란투리스모(GT) 6시리즈, 그란투리스모(GT) 3시리즈, 그란투리스모(GT) 5시리즈)",""
"BMW","1M","1M","E82","11~12년","","1573","M시리즈","1M","연결","높음","이름 일치","당근 이름 ""1M"" = 보배 ""1M""",""
"BMW","M2","M2","G87","23년~현재","2","1971","M시리즈","M2(2세대)","연결","높음","세대 번호 일치","보배 2세대 = 당근 ""M2(2세대)""(최신 세대 번호 양쪽 2)",""
"BMW","M2","M2","F87","16년~현재","1","1563","M시리즈","M2","연결","중간","세대 없는 이름 = 1세대","보배 1세대 = 당근 ""M2""(당근은 M2(2세대) 외 세대 없는 이름)(최신 세대 번호 양쪽 2)",""
"BMW","M3","M3","G80","21년~현재","6","1877","M시리즈","M3(6세대)","연결","높음","세대 번호 일치","보배 6세대 = 당근 ""M3(6세대)""(최신 세대 번호 양쪽 6)",""
"BMW","M3","M3","F80","14년~현재","5","785","M시리즈","M3(5세대)","연결","높음","세대 번호 일치","보배 5세대 = 당근 ""M3(5세대)""(최신 세대 번호 양쪽 6)",""
"BMW","M3","M3","E90","07~13년","4","1555","M시리즈","M3(4세대)","연결","높음","세대 번호 일치","보배 4세대 = 당근 ""M3(4세대)""(최신 세대 번호 양쪽 6)",""
"BMW","M3","M3","E46","00~06년","3","1751","M시리즈","M3(3세대)","연결","높음","세대 번호 일치","보배 3세대 = 당근 ""M3(3세대)""(최신 세대 번호 양쪽 6)",""
"BMW","M3","M3","E36","92~99년","2","202","M시리즈","M3(2세대)","연결","높음","세대 번호 일치","보배 2세대 = 당근 ""M3(2세대)""(최신 세대 번호 양쪽 6)",""
"BMW","M4","M4","G82","21년~현재","2","1878","M시리즈","M4(2세대)","연결","높음","세대 번호 일치","보배 2세대 = 당근 ""M4(2세대)""(최신 세대 번호 양쪽 2)",""
"BMW","M4","M4","F82","14년~현재","1","281","M시리즈","M4","연결","중간","세대 없는 이름 = 1세대","보배 1세대 = 당근 ""M4""(당근은 M4(2세대) 외 세대 없는 이름)(최신 세대 번호 양쪽 2)",""
"BMW","M5","M5","G90","24년~현재","7","2049","M시리즈","M5(7세대)","연결","높음","세대 번호 일치","보배 7세대 = 당근 ""M5(7세대)""(최신 세대 번호 양쪽 7)",""
"BMW","M5","M5","F90","18~24년","6","1768","M시리즈","M5(6세대)","연결","높음","세대 번호 일치","보배 6세대 = 당근 ""M5(6세대)""(최신 세대 번호 양쪽 7)",""
"BMW","M5","M5","F10","12~17년","5","1767","M시리즈","M5(5세대)","연결","높음","세대 번호 일치","보배 5세대 = 당근 ""M5(5세대)""(최신 세대 번호 양쪽 7)",""
"BMW","M5","M5","E60","05~10년","4","1766","M시리즈","M5(4세대)","연결","높음","세대 번호 일치","보배 4세대 = 당근 ""M5(4세대)""(최신 세대 번호 양쪽 7)",""
"BMW","M5","M5","E39","98~03년","3","1058","M시리즈","M5(3세대)","연결","높음","세대 번호 일치","보배 3세대 = 당근 ""M5(3세대)""(최신 세대 번호 양쪽 7)",""
"BMW","M6","M6","F12","12년~현재","3","1369","M시리즈","M6(3세대)","연결","높음","세대 번호 일치","보배 3세대 = 당근 ""M6(3세대)""(최신 세대 번호 양쪽 3)",""
"BMW","M6","M6","E63","05~10년","2","1008","M시리즈","M6(2세대)","연결","높음","세대 번호 일치","보배 2세대 = 당근 ""M6(2세대)""(최신 세대 번호 양쪽 3)",""
"BMW","M8","M8","F92","19년~현재","","1566","M시리즈","M8","연결","높음","이름 일치","당근 이름 ""M8"" = 보배 ""M8""",""
"BMW","X3 M","X3 M","F97","19년~현재","","1567","X시리즈","","빈 칸","","","당근 모델 없음",""
"BMW","X4 M","X4 M","F98","19년~현재","","1371","X시리즈","","빈 칸","","","당근 모델 없음",""
"BMW","X5 M","X5 M","F95","20년~현재","3","1497","X시리즈","","빈 칸","","","당근 모델 없음",""
"BMW","X6 M","X6 M","F96","20년~현재","3","1827","X시리즈","","빈 칸","","","당근 모델 없음",""
"BMW","X6 M","X6 M","F86","15~19년","2","1776","X시리즈","","보배 대체","","","당근 모델 없음",""
"BMW","XM","XM","G09","23년~현재","","574","X시리즈","","빈 칸","","","당근 모델 없음",""
"BMW","X1","X1","U11","23년~현재","3","926","X시리즈","X1(3세대)","연결","높음","세대 번호 일치","보배 3세대 = 당근 ""X1(3세대)""(최신 세대 번호 양쪽 3)",""
"BMW","X1","X1","F48","16년~현재","2","1761","X시리즈","X1(2세대)","연결","높음","세대 번호 일치","보배 2세대 = 당근 ""X1(2세대)""(최신 세대 번호 양쪽 3)",""
"BMW","X1","X1","E84","10~15년","1","1760","X시리즈","X1","연결","중간","세대 없는 이름 = 1세대","보배 1세대 = 당근 ""X1""(당근은 X1(3세대), X1(2세대) 외 세대 없는 이름)(최신 세대 번호 양쪽 3)",""
"BMW","X2","X2","U10","24년~현재","2","2009","X시리즈","X2(2세대)","연결","높음","세대 번호 일치","보배 2세대 = 당근 ""X2(2세대)""(최신 세대 번호 양쪽 2)",""
"BMW","X2","X2","F39","18~24년","1","1762","X시리즈","X2","연결","중간","세대 없는 이름 = 1세대","보배 1세대 = 당근 ""X2""(당근은 X2(2세대) 외 세대 없는 이름)(최신 세대 번호 양쪽 2)",""
"BMW","X3","X3","G45","24년~현재","4","2048","X시리즈","X3(4세대)","연결","높음","세대 번호 일치","보배 4세대 = 당근 ""X3(4세대)""(최신 세대 번호 양쪽 4)",""
"BMW","X3","X3","G01","17~24년","3","1764","X시리즈","X3(3세대)","연결","높음","세대 번호 일치","보배 3세대 = 당근 ""X3(3세대)""(최신 세대 번호 양쪽 4)",""
"BMW","X3","X3","F25","11~17년","2","1763","X시리즈","X3(2세대)","연결","높음","세대 번호 일치","보배 2세대 = 당근 ""X3(2세대)""(최신 세대 번호 양쪽 4)",""
"BMW","X4","X4","G02","18년~현재","2","1112","X시리즈","X4(2세대)","연결","높음","세대 번호 일치","보배 2세대 = 당근 ""X4(2세대)""(최신 세대 번호 양쪽 2)",""
"BMW","X4","X4","F26","14~18년","1","1558","X시리즈","X4","연결","중간","세대 없는 이름 = 1세대","보배 1세대 = 당근 ""X4""(당근은 X4(2세대) 외 세대 없는 이름)(최신 세대 번호 양쪽 2)",""
"BMW","X5","X5","G05","19년~현재","4","1765","X시리즈","X5(4세대)","연결","높음","세대 번호 일치","보배 4세대 = 당근 ""X5(4세대)""(최신 세대 번호 양쪽 4)",""
"BMW","X5","X5","F15","13~18년","3","1554","X시리즈","X5(3세대)","연결","높음","세대 번호 일치","보배 3세대 = 당근 ""X5(3세대)""(최신 세대 번호 양쪽 4)",""
"BMW","X5","X5","E70","07~13년","2","1556","X시리즈","X5(2세대)","연결","높음","세대 번호 일치","보배 2세대 = 당근 ""X5(2세대)""(최신 세대 번호 양쪽 4)",""
"BMW","X6","X6","G06","20년~현재","3","820","X시리즈","X6(3세대)","연결","높음","세대 번호 일치","보배 3세대 = 당근 ""X6(3세대)""(최신 세대 번호 양쪽 3)",""
"BMW","X6","X6","F16","14~19년","2","819","X시리즈","X6(2세대)","연결","높음","세대 번호 일치","보배 2세대 = 당근 ""X6(2세대)""(최신 세대 번호 양쪽 3)",""
"BMW","X6","X6","E71","08~14년","1","1463","X시리즈","X6(1세대)","연결","높음","세대 번호 일치","보배 1세대 = 당근 ""X6(1세대)""(최신 세대 번호 양쪽 3)",""
"BMW","X7","X7","G07","19년~현재","","1485","X시리즈","X7","연결","높음","이름 일치","당근 이름 ""X7"" = 보배 ""X7""",""
"BMW","iX","iX","i20","22년~현재","","465","i시리즈","iX","연결","높음","이름 일치","당근 이름 ""iX"" = 보배 ""iX""",""
"BMW","iX1","iX1","U11","23년~현재","","540","i시리즈","iX1","연결","높음","이름 일치","당근 이름 ""iX1"" = 보배 ""iX1""",""
"BMW","i4","i4","G26","22년~현재","","355","i시리즈","i4","연결","높음","이름 일치","당근 이름 ""i4"" = 보배 ""i4""",""
"BMW","i5","i5","G60","23년~현재","","1986","i시리즈","i5","연결","높음","이름 일치","당근 이름 ""i5"" = 보배 ""i5""",""
"BMW","i7","i7","G70","22년~현재","","83","i시리즈","i7","연결","높음","이름 일치","당근 이름 ""i7"" = 보배 ""i7""",""
"BMW","i8","i8","I12","15년~현재","1","1201","i시리즈","i8","연결","높음","이름 일치","당근 이름 ""i8"" = 보배 ""i8""",""
"BMW","Z3","Z3","E36/7","96~02년","","1568","Z시리즈","Z3","연결","높음","이름 일치","당근 이름 ""Z3"" = 보배 ""Z3""",""
"BMW","Z4","Z4","G29","19년~현재","","1777","Z시리즈","","보배 대체","","","연결 근거 없음(당근 Z4(3세대), Z4(2세대), Z4(1세대))",""
"BMW","Z8","Z8","E52","99~03년","","1025","Z시리즈","Z8","연결","높음","이름 일치","당근 이름 ""Z8"" = 보배 ""Z8""",""
"현대","i30","i30 PD","PD","16년~현재","3","1299","i30","i30 PD","연결","높음","코드 일치","당근 ""i30 PD""에 코드 PD",""
"현대","i30","더 뉴 i30","GD","15~16년","2","1213","i30","더 뉴i30","연결","높음","이름 일치","당근 이름 ""더 뉴i30"" = 보배 ""더 뉴 i30""",""
"현대","i30","뉴 i30","GD","11~15년","2","982","i30","","보배 대체","","","연결 근거 없음(당근 i30 PD, 더 뉴i30, 신형 i30, i30cw, i30)",""
"현대","i30","i30CW","FD","08~11년","1","850","i30","i30cw","연결","높음","이름 일치","당근 이름 ""i30cw"" = 보배 ""i30CW""",""
"현대","i40","더 뉴 i40 살룬","VF","15년~현재","1","1210","i40","","보배 대체","","","연결 근거 없음(당근 더 뉴 i40, i40)",""
"현대","i40","i40","VF","11~15년","1","1067","i40","i40","연결","높음","이름 일치","당근 이름 ""i40"" = 보배 ""i40""",""
"현대","i40","i40 살룬","VF","12~15년","1","1096","i40","","보배 대체","","","연결 근거 없음(당근 더 뉴 i40, i40)",""
"현대","갤로퍼","갤로퍼","M","91~97년","1","398","갤로퍼","갤로퍼","연결","높음","이름 일치","당근 이름 ""갤로퍼"" = 보배 ""갤로퍼""",""
"현대","갤로퍼","갤로퍼2","M","97~03년","2","397","갤로퍼","","보배 대체","","","연결 근거 없음(당근 갤로퍼II, 갤로퍼)",""
"현대","그랜저","디 올 뉴 그랜저","GN7","22년~현재","7","87","그랜저","디 올뉴그랜저","연결","높음","이름 일치","당근 이름 ""디 올뉴그랜저"" = 보배 ""디 올 뉴 그랜저""",""
"현대","그랜저","디 올 뉴 그랜저 하이브리드","GN7","22년~현재","7","1525","그랜저","디 올뉴그랜저 하이브리드","연결","높음","이름 일치","당근 이름 ""디 올뉴그랜저 하이브리드"" = 보배 ""디 올 뉴 그랜저 하이브리드""",""
"현대","그랜저","더 뉴 그랜저","IG","19년~현재","6","1493","그랜저","더 뉴그랜저IG","연결","높음","코드 일치","당근 ""더 뉴그랜저IG""에 코드 IG",""
"현대","그랜저","더 뉴 그랜저 하이브리드","IG","19년~현재","6","1747","그랜저","더 뉴그랜저IG 하이브리드","연결","높음","코드 일치","당근 ""더 뉴그랜저IG 하이브리드""에 코드 IG",""
"현대","그랜저","그랜저IG","IG","16~19년","6","1325","그랜저","그랜저IG","연결","높음","코드 일치","당근 ""그랜저IG""에 코드 IG",""
"현대","그랜저","그랜저IG 하이브리드","IG","17~19년","6","1345","그랜저","그랜저IG 하이브리드","연결","높음","코드 일치","당근 ""그랜저IG 하이브리드""에 코드 IG",""
"현대","그랜저","그랜저HG","HG","11~17년","5","748","그랜저","그랜저HG","연결","높음","코드 일치","당근 ""그랜저HG""에 코드 HG",""
"현대","그랜저","그랜저HG 하이브리드","HG","13~17년","5","944","그랜저","그랜저HG 하이브리드","연결","높음","코드 일치","당근 ""그랜저HG 하이브리드""에 코드 HG",""
"현대","그랜저","더 럭셔리 그랜저","TG","09~11년","4","596","그랜저","더 럭셔리 그랜저","연결","높음","이름 일치","당근 이름 ""더 럭셔리 그랜저"" = 보배 ""더 럭셔리 그랜저""",""
"현대","그랜저","그랜저 뉴 럭셔리","TG","08~10년","4","806","그랜저","그랜저 뉴 럭셔리","연결","높음","이름 일치","당근 이름 ""그랜저 뉴 럭셔리"" = 보배 ""그랜저 뉴 럭셔리""",""
"현대","그랜저","뉴그랜져","LX","92~98년","2","380","그랜저","","보배 대체","","","연결 근거 없음(당근 더 뉴그랜저, 더 뉴그랜저 하이브리드, 디 올뉴그랜저, 디 올뉴그랜저 하이브리드, 더 뉴그랜저IG, 더 뉴그랜저IG 하이브리드, 그랜저IG 하이브리드, 그랜저IG, 그랜저HG 하이브리드, 그랜저HG, 더 럭셔리 그랜저, 그랜저 뉴 럭셔리, 그랜저TG, 뉴그랜저XG, 그랜저XG, 뉴그랜저, 그랜저)",""
"현대","그랜저","그랜저","L","86~92년","1","381","그랜저","그랜저","연결","높음","이름 일치","당근 이름 ""그랜저"" = 보배 ""그랜저""",""
"현대","넥쏘","넥쏘","FE","18년~현재","1","1425","넥쏘","넥쏘","연결","높음","이름 일치","당근 이름 ""넥쏘"" = 보배 ""넥쏘""",""
"현대","다이너스티","다이너스티","LX","96~05년","1","377","다이너스티","다이너스티","연결","높음","이름 일치","당근 이름 ""다이너스티"" = 보배 ""다이너스티""",""
"현대","리베로","리베로","SR","00~07년","1","411","리베로","리베로","연결","높음","이름 일치","당근 이름 ""리베로"" = 보배 ""리베로""",""
"현대","마이티","올 뉴 마이티","WQ","15년~현재","3","1343","마이티","올 뉴마이티","연결","높음","이름 일치","당근 이름 ""올 뉴마이티"" = 보배 ""올 뉴 마이티""",""
"현대","마이티","e마이티","WT1","04~15년","2","1002","마이티","e-마이티","연결","높음","이름 일치","당근 이름 ""e-마이티"" = 보배 ""e마이티""",""
"현대","맥스크루즈","더 뉴 맥스크루즈","NC","15~19년","1","1234","맥스크루즈","더 뉴맥스크루즈","연결","높음","이름 일치","당근 이름 ""더 뉴맥스크루즈"" = 보배 ""더 뉴 맥스크루즈""",""
"현대","맥스크루즈","맥스크루즈","NC","13~16년","1","1141","맥스크루즈","맥스크루즈","연결","높음","이름 일치","당근 이름 ""맥스크루즈"" = 보배 ""맥스크루즈""",""
"현대","베뉴","베뉴","QX1","19년~현재","","1577","베뉴","베뉴","연결","높음","이름 일치","당근 이름 ""베뉴"" = 보배 ""베뉴""",""
"현대","베라크루즈","베라크루즈","EN","06~15년","1","681","베라크루즈","베라크루즈","연결","높음","이름 일치","당근 이름 ""베라크루즈"" = 보배 ""베라크루즈""",""
"현대","벨로스터","벨로스터 N","JS N","18년~22년","2","1896","벨로스터","벨로스터 N","연결","높음","이름 일치","당근 이름 ""벨로스터 N"" = 보배 ""벨로스터 N""",""
"현대","벨로스터","벨로스터 [JS]","JS","18년~현재","2","1408","벨로스터","벨로스터(JS)","연결","높음","코드 일치","당근 ""벨로스터(JS)""에 코드 JS",""
"현대","벨로스터","더 뉴 벨로스터","FS (F/L)","15~18년","1","1246","벨로스터","더 뉴벨로스터","연결","높음","이름 일치","당근 이름 ""더 뉴벨로스터"" = 보배 ""더 뉴 벨로스터""",""
"현대","벨로스터","벨로스터","FS","11~15년","1","1060","벨로스터","","보배 대체","","","연결 근거 없음(당근 벨로스터 N, 벨로스터(JS), 더 뉴벨로스터, 벨로스터)",""
"현대","스쿠프","뉴 스쿠프","SLC","92~95년","1","1446","스쿠프","","보배 대체","","","연결 근거 없음(당근 스쿠프)",""
"현대","스타렉스","더 뉴 그랜드스타렉스","TQ","17~21년","2","1399","스타렉스","더 뉴그랜드스타렉스","연결","높음","이름 일치","당근 이름 ""더 뉴그랜드스타렉스"" = 보배 ""더 뉴 그랜드스타렉스""",""
"현대","스타렉스","그랜드스타렉스","TQ","07~18년","2","711","스타렉스","그랜드스타렉스","연결","높음","이름 일치","당근 이름 ""그랜드스타렉스"" = 보배 ""그랜드스타렉스""",""
"현대","스타렉스","뉴스타렉스","A1","04~07년","1","567","스타렉스","뉴스타렉스","연결","높음","이름 일치","당근 이름 ""뉴스타렉스"" = 보배 ""뉴스타렉스""",""
"현대","스타리아","스타리아","US4","21년~현재","1","1873","스타리아","스타리아","연결","높음","이름 일치","당근 이름 ""스타리아"" = 보배 ""스타리아""",""
"현대","싼타페","디 올 뉴 싼타페","MX5","23년~현재","5","1975","싼타페","디 올뉴싼타페","연결","높음","이름 일치","당근 이름 ""디 올뉴싼타페"" = 보배 ""디 올 뉴 싼타페""",""
"현대","싼타페","디 올 뉴 싼타페 하이브리드","MX5","23년~현재","5","1976","싼타페","디 올뉴싼타페 하이브리드","연결","높음","이름 일치","당근 이름 ""디 올뉴싼타페 하이브리드"" = 보배 ""디 올 뉴 싼타페 하이브리드""",""
"현대","싼타페","더 뉴 싼타페","TM","20~23년","4","1496","싼타페","더 뉴싼타페","연결","높음","이름 일치","당근 이름 ""더 뉴싼타페"" = 보배 ""더 뉴 싼타페""",""
"현대","싼타페","더 뉴 싼타페 하이브리드","TM","21~23년","4","1889","싼타페","더 뉴싼타페 하이브리드","연결","높음","이름 일치","당근 이름 ""더 뉴싼타페 하이브리드"" = 보배 ""더 뉴 싼타페 하이브리드""",""
"현대","싼타페","싼타페TM","TM","18~20년","4","1409","싼타페","싼타페(TM)","연결","높음","코드 일치","당근 ""싼타페(TM)""에 코드 TM",""
"현대","싼타페","싼타페 더 프라임","DM","15~18","3","1221","싼타페","싼타페 더 프라임","연결","높음","이름 일치","당근 이름 ""싼타페 더 프라임"" = 보배 ""싼타페 더 프라임""",""
"현대","싼타페","싼타페DM","DM","12~15년","3","1102","싼타페","싼타페(DM)","연결","높음","코드 일치","당근 ""싼타페(DM)""에 코드 DM",""
"현대","싼타페","싼타페 더스타일","CM","09~12년","2","953","싼타페","","빈 칸","","","연결 근거 없음(당근 디 올뉴싼타페, 디 올뉴싼타페 하이브리드, 더 뉴싼타페 하이브리드, 더 뉴싼타페, 싼타페(TM), 싼타페 더 프라임, 싼타페(DM), 싼타페(CM), 싼타페)",""
"현대","싼타페","싼타페CM","CM","05~09년","2","637","싼타페","싼타페(CM)","연결","높음","코드 일치","당근 ""싼타페(CM)""에 코드 CM",""
"현대","쏘나타","쏘나타 디 엣지","DN8","23년~현재","8","1599","쏘나타","쏘나타 디 엣지","연결","높음","이름 일치","당근 이름 ""쏘나타 디 엣지"" = 보배 ""쏘나타 디 엣지""",""
"현대","쏘나타","쏘나타 디 엣지 하이브리드","DN8","23년~현재","8","932","쏘나타","쏘나타 디 엣지 하이브리드","연결","높음","이름 일치","당근 이름 ""쏘나타 디 엣지 하이브리드"" = 보배 ""쏘나타 디 엣지 하이브리드""",""
"현대","쏘나타","쏘나타 DN8","DN8","19년~현재","8","1480","쏘나타","쏘나타(DN8)","연결","높음","코드 일치","당근 ""쏘나타(DN8)""에 코드 DN8",""
"현대","쏘나타","쏘나타 하이브리드 [DN8]","DN8","19년~현재","8","1494","쏘나타","쏘나타(DN8) 하이브리드","연결","높음","코드 일치","당근 ""쏘나타(DN8) 하이브리드""에 코드 DN8",""
"현대","쏘나타","쏘나타 뉴 라이즈","LF","17~19년","7","1336","쏘나타","LF쏘나타 뉴라이즈","연결","높음","코드 일치","당근 ""LF쏘나타 뉴라이즈""에 코드 LF",""
"현대","쏘나타","쏘나타 뉴 라이즈 하이브리드","LF","17~19년","7","1352","쏘나타","LF쏘나타 뉴라이즈 하이브리드","연결","높음","코드 일치","당근 ""LF쏘나타 뉴라이즈 하이브리드""에 코드 LF",""
"현대","쏘나타","LF쏘나타","LF","14~17년","7","1171","쏘나타","LF쏘나타","연결","높음","코드 일치","당근 ""LF쏘나타""에 코드 LF",""
"현대","쏘나타","LF쏘나타 하이브리드","LF","14~17년","7","1011","쏘나타","LF쏘나타 하이브리드","연결","높음","코드 일치","당근 ""LF쏘나타 하이브리드""에 코드 LF",""
"현대","쏘나타","쏘나타 더 브릴리언트","YF","12~14년","6","1130","쏘나타","쏘나타 더 브릴리언트","연결","높음","이름 일치","당근 이름 ""쏘나타 더 브릴리언트"" = 보배 ""쏘나타 더 브릴리언트""",""
"현대","쏘나타","쏘나타 하이브리드","YF","11~14년","6","907","쏘나타","YF쏘나타 하이브리드","연결","높음","코드 일치","당근 ""YF쏘나타 하이브리드""에 코드 YF",""
"현대","쏘나타","YF쏘나타","YF","09~12년","6","949","쏘나타","YF쏘나타","연결","높음","코드 일치","당근 ""YF쏘나타""에 코드 YF",""
"현대","쏘나타","NF쏘나타 트랜스폼","NF","07~09년","5","739","쏘나타","NF쏘나타 트랜스폼","연결","높음","코드 일치","당근 ""NF쏘나타 트랜스폼""에 코드 NF",""
"현대","쏘나타","NF쏘나타","NF","04~07년","5","590","쏘나타","NF쏘나타","연결","높음","코드 일치","당근 ""NF쏘나타""에 코드 NF",""
"현대","쏘나타","쏘나타2","Y2","93~96년","2","386","쏘나타","","보배 대체","","","연결 근거 없음(당근 쏘나타 디 엣지, 쏘나타 디 엣지 하이브리드, 쏘나타(DN8), 쏘나타(DN8) 하이브리드, LF쏘나타 뉴라이즈, LF쏘나타 뉴라이즈 하이브리드, LF쏘나타, LF쏘나타 하이브리드, 쏘나타 더 브릴리언트, YF쏘나타 하이브리드, YF쏘나타, NF쏘나타 트랜스폼, NF쏘나타, 뉴EF쏘나타, EF쏘나타, 쏘나타 III, 쏘나타 II, 쏘나타)",""
"현대","쏠라티","쏠라티","H350","15년~현재","1","1242","쏠라티","쏠라티","연결","높음","이름 일치","당근 이름 ""쏠라티"" = 보배 ""쏠라티""",""
"현대","아반떼","더 뉴 아반떼 [CN7]","CN7","23년~현재","7","264","아반떼","더 뉴아반떼(CN7)","연결","높음","코드 일치","당근 ""더 뉴아반떼(CN7)""에 코드 CN7",""
"현대","아반떼","더 뉴 아반떼 하이브리드 [CN7]","CN7","23년~현재","7","265","아반떼","더 뉴아반떼 하이브리드(CN7)","연결","높음","코드 일치","당근 ""더 뉴아반떼 하이브리드(CN7)""에 코드 CN7",""
"현대","아반떼","더 뉴 아반떼 N","CN7","23년~현재","7","1733","아반떼","더 뉴아반떼 N","연결","높음","이름 일치","당근 이름 ""더 뉴아반떼 N"" = 보배 ""더 뉴 아반떼 N""",""
"현대","아반떼","아반떼 N","CN7","21년~현재","7","1897","아반떼","아반떼 N","연결","높음","이름 일치","당근 이름 ""아반떼 N"" = 보배 ""아반떼 N""",""
"현대","아반떼","올 뉴 아반떼 [CN7]","CN7","20년~23년","7","1600","아반떼","","보배 대체","","","연결 근거 없음(당근 디 올뉴아반떼, 디 올뉴아반떼 하이브리드, 더 뉴아반떼 N, 더 뉴아반떼(CN7), 더 뉴아반떼 하이브리드(CN7), 아반떼 N, 아반떼(CN7), 아반떼 하이브리드(CN7), 더 뉴아반떼AD, 아반떼AD, 아반떼 쿠페, 더 뉴아반떼MD, 아반떼MD, 아반떼 하이브리드, 아반떼HD, 뉴아반떼XD, 아반떼XD, 올 뉴 아반떼, 아반떼)",""
"현대","아반떼","올 뉴 아반떼 하이브리드 [CN7]","CN7","20년~23년","7","1837","아반떼","","보배 대체","","","연결 근거 없음(당근 디 올뉴아반떼, 디 올뉴아반떼 하이브리드, 더 뉴아반떼 N, 더 뉴아반떼(CN7), 더 뉴아반떼 하이브리드(CN7), 아반떼 N, 아반떼(CN7), 아반떼 하이브리드(CN7), 더 뉴아반떼AD, 아반떼AD, 아반떼 쿠페, 더 뉴아반떼MD, 아반떼MD, 아반떼 하이브리드, 아반떼HD, 뉴아반떼XD, 아반떼XD, 올 뉴 아반떼, 아반떼)",""
"현대","아반떼","더 뉴 아반떼AD","AD","18~20년","6","1438","아반떼","더 뉴아반떼AD","연결","높음","코드 일치","당근 ""더 뉴아반떼AD""에 코드 AD",""
"현대","아반떼","아반떼AD","AD","15~18년","6","1228","아반떼","아반떼AD","연결","높음","코드 일치","당근 ""아반떼AD""에 코드 AD",""
"현대","아반떼","더 뉴 아반떼","AD","13~15년","6","1172","아반떼","","보배 대체","","","당근 ""더 뉴아반떼AD""은 이름이 정확히 같은 다른 세부모델(더 뉴 아반떼AD) 것 — 연결 안 함",""
"현대","아반떼","아반떼MD","MD","10~14년","5","1015","아반떼","아반떼MD","연결","높음","코드 일치","당근 ""아반떼MD""에 코드 MD",""
"현대","아반떼","아반떼HD","HD","06~10년","4","680","아반떼","아반떼HD","연결","높음","코드 일치","당근 ""아반떼HD""에 코드 HD",""
"현대","아반떼","뉴아반떼XD","XD","03~06년","3","518","아반떼","뉴아반떼XD","연결","높음","코드 일치","당근 ""뉴아반떼XD""에 코드 XD",""
"현대","아슬란","아슬란","AG","14~18년","1","1198","아슬란","아슬란","연결","높음","이름 일치","당근 이름 ""아슬란"" = 보배 ""아슬란""",""
"현대","아이오닉","아이오닉 하이브리드","AE","16~19년","1","1244","아이오닉","아이오닉 하이브리드","연결","높음","이름 일치","당근 이름 ""아이오닉 하이브리드"" = 보배 ""아이오닉 하이브리드""",""
"현대","아이오닉","더 뉴 아이오닉 일렉트릭","AE","19년~현재","1","1486","아이오닉","더 뉴아이오닉 일렉트릭","연결","높음","이름 일치","당근 이름 ""더 뉴아이오닉 일렉트릭"" = 보배 ""더 뉴 아이오닉 일렉트릭""",""
"현대","아이오닉","아이오닉 일렉트릭","AE","16~19년","1","1340","아이오닉","아이오닉 일렉트릭","연결","높음","이름 일치","당근 이름 ""아이오닉 일렉트릭"" = 보배 ""아이오닉 일렉트릭""",""
"현대","아이오닉5","아이오닉5","NE","21~24년","","1880","아이오닉 5","아이오닉 5","연결","높음","이름 일치","당근 이름 ""아이오닉 5"" = 보배 ""아이오닉5""",""
"현대","아이오닉5","아이오닉 5 N","NE-N","23년~현재","","1981","아이오닉 5","아이오닉 5 N","연결","높음","이름 일치","당근 이름 ""아이오닉 5 N"" = 보배 ""아이오닉 5 N""",""
"현대","아이오닉6","아이오닉6","","22~25년","","1638","아이오닉 6","아이오닉 6","연결","높음","이름 일치","당근 이름 ""아이오닉 6"" = 보배 ""아이오닉6""",""
"현대","에어로","e-에어로타운","","04년~현재","","710","","","보배 대체","","","당근 모델 없음",""
"현대","에어로","슈퍼에어로시티","CY","01~08년","","799","","","보배 대체","","","당근 모델 없음",""
"현대","에쿠스","뉴 에쿠스","VI","09~15년","2","873","에쿠스","뉴에쿠스","연결","높음","이름 일치","당근 이름 ""뉴에쿠스"" = 보배 ""뉴 에쿠스""",""
"현대","에쿠스","에쿠스","LZ, YJ","99~09년","1","376","에쿠스","에쿠스","연결","높음","이름 일치","당근 이름 ""에쿠스"" = 보배 ""에쿠스""",""
"현대","엑센트","엑센트 (신형)","RB","10~19년","4","998","엑센트","엑센트 신형","연결","높음","이름 일치","당근 이름 ""엑센트 신형"" = 보배 ""엑센트 (신형)""",""
"현대","엑셀","엑셀","X2","89~94년","1","405","엑셀","엑셀","연결","높음","이름 일치","당근 이름 ""엑셀"" = 보배 ""엑셀""",""
"현대","제네시스","더 뉴 제네시스 쿠페","BK","11~16년","1","1088","제네시스","","보배 대체","","","연결 근거 없음(당근 제네시스DH, 제네시스 프라다, 제네시스 쿠페, 제네시스)",""
"현대","제네시스","제네시스 쿠페","BK","08~11년","1","828","제네시스","제네시스 쿠페","연결","높음","이름 일치","당근 이름 ""제네시스 쿠페"" = 보배 ""제네시스 쿠페""",""
"현대","제네시스","제네시스 DH","DH","13~16년","2","1167","제네시스","제네시스DH","연결","높음","코드 일치","당근 ""제네시스DH""에 코드 DH",""
"현대","제네시스","제네시스","BH","08~14년","1","756","제네시스","제네시스","연결","높음","이름 일치","당근 이름 ""제네시스"" = 보배 ""제네시스""",""
"현대","카운티","뉴 카운티","CN","12년~현재","1","1281","카운티","뉴카운티","연결","높음","이름 일치","당근 이름 ""뉴카운티"" = 보배 ""뉴 카운티""",""
"현대","카운티","e-카운티","CN","04~12년","1","757","카운티","e-카운티","연결","높음","이름 일치","당근 이름 ""e-카운티"" = 보배 ""e-카운티""",""
"현대","카운티","카운티","CN","98~04년","1","413","카운티","카운티","연결","높음","이름 일치","당근 이름 ""카운티"" = 보배 ""카운티""",""
"현대","캐스퍼","더 뉴 캐스퍼","AX1","24년~현재","","2034","캐스퍼","더 뉴캐스퍼","연결","높음","이름 일치","당근 이름 ""더 뉴캐스퍼"" = 보배 ""더 뉴 캐스퍼""",""
"현대","캐스퍼","캐스퍼","AX1","21~24년","","1905","캐스퍼","캐스퍼","연결","높음","이름 일치","당근 이름 ""캐스퍼"" = 보배 ""캐스퍼""",""
"현대","캐스퍼","캐스퍼 일렉트릭","AX1","24년~현재","","2030","캐스퍼","캐스퍼 일렉트릭","연결","높음","이름 일치","당근 이름 ""캐스퍼 일렉트릭"" = 보배 ""캐스퍼 일렉트릭""",""
"현대","코나","디 올 뉴 코나","SX2","23년~현재","2","74","코나","디 올뉴코나","연결","높음","이름 일치","당근 이름 ""디 올뉴코나"" = 보배 ""디 올 뉴 코나""",""
"현대","코나","디 올 뉴 코나 하이브리드","SX2","23년~현재","2","75","코나","디 올뉴코나 하이브리드","연결","높음","이름 일치","당근 이름 ""디 올뉴코나 하이브리드"" = 보배 ""디 올 뉴 코나 하이브리드""",""
"현대","코나","코나 N","OS","21년~현재","1","1891","코나","코나 N","연결","높음","이름 일치","당근 이름 ""코나 N"" = 보배 ""코나 N""",""
"현대","코나","더 뉴 코나","OS","20년~현재","1","1848","코나","더 뉴코나","연결","높음","이름 일치","당근 이름 ""더 뉴코나"" = 보배 ""더 뉴 코나""",""
"현대","코나","코나","OS","17~20년","1","1356","코나","코나","연결","높음","이름 일치","당근 이름 ""코나"" = 보배 ""코나""",""
"현대","코나","코나 일렉트릭","OS","18년~현재","1","1429","코나","코나 일렉트릭","연결","높음","이름 일치","당근 이름 ""코나 일렉트릭"" = 보배 ""코나 일렉트릭""",""
"현대","테라칸","테라칸","HP","01~07년","1","396","테라칸","테라칸","연결","높음","이름 일치","당근 이름 ""테라칸"" = 보배 ""테라칸""",""
"현대","투스카니","뉴 투스카니","GK","06~08년","1","682","투스카니","","보배 대체","","","연결 근거 없음(당근 신형 투스카니, 투스카니)",""
"현대","투스카니","투스카니","GK","01~06년","1","399","투스카니","투스카니","연결","높음","이름 일치","당근 이름 ""투스카니"" = 보배 ""투스카니""",""
"현대","투싼","더 뉴 투싼","NX4","23년~현재","4","1996","투싼","더 뉴투싼","연결","높음","이름 일치","당근 이름 ""더 뉴투싼"" = 보배 ""더 뉴 투싼""",""
"현대","투싼","더 뉴 투싼 하이브리드","NX4","23년~현재","4","1997","투싼","더 뉴투싼 하이브리드","연결","높음","이름 일치","당근 이름 ""더 뉴투싼 하이브리드"" = 보배 ""더 뉴 투싼 하이브리드""",""
"현대","투싼","디 올 뉴 투싼","NX4","20~23년","4","1847","투싼","","빈 칸","","","연결 근거 없음(당근 더 뉴투싼, 더 뉴투싼 하이브리드, 더 올뉴투싼, 더 올뉴투싼 하이브리드, 신형 투싼, 올 뉴투싼, 투싼ix FCEV, 뉴투싼 ix, 투싼 ix, 투싼)",""
"현대","투싼","디 올 뉴 투싼 하이브리드","NX4","20~23년","4","1892","투싼","","빈 칸","","","연결 근거 없음(당근 더 뉴투싼, 더 뉴투싼 하이브리드, 더 올뉴투싼, 더 올뉴투싼 하이브리드, 신형 투싼, 올 뉴투싼, 투싼ix FCEV, 뉴투싼 ix, 투싼 ix, 투싼)",""
"현대","투싼","올 뉴 투싼","TL","15~20년","3","1206","투싼","올 뉴투싼","연결","높음","이름 일치","당근 이름 ""올 뉴투싼"" = 보배 ""올 뉴 투싼""",""
"현대","투싼","뉴 투싼ix","LM","13~15년","2","1148","투싼","뉴투싼 ix","연결","높음","이름 일치","당근 이름 ""뉴투싼 ix"" = 보배 ""뉴 투싼ix""",""
"현대","투싼","투싼ix","LM","09~13년","2","948","투싼","투싼 ix","연결","높음","이름 일치","당근 이름 ""투싼 ix"" = 보배 ""투싼ix""",""
"현대","투싼","투싼","JM","04~09년","1","546","투싼","투싼","연결","높음","이름 일치","당근 이름 ""투싼"" = 보배 ""투싼""",""
"현대","엑시언트","엑시언트 프로","QZ","19년~현재","","1903","","","빈 칸","","","당근 모델 없음",""
"현대","티뷰론","티뷰론","RD","96~99년","1","400","티뷰론","티뷰론","연결","높음","이름 일치","당근 이름 ""티뷰론"" = 보배 ""티뷰론""",""
"현대","팰리세이드","디 올 뉴 팰리세이드","LX3","25년~현재","","2041","팰리세이드","디 올뉴팰리세이드","연결","높음","이름 일치","당근 이름 ""디 올뉴팰리세이드"" = 보배 ""디 올 뉴 팰리세이드""",""
"현대","팰리세이드","더 뉴 팰리세이드","LX2","22~25년","","1705","팰리세이드","더 뉴팰리세이드","연결","높음","이름 일치","당근 이름 ""더 뉴팰리세이드"" = 보배 ""더 뉴 팰리세이드""",""
"현대","팰리세이드","팰리세이드","LX2","19~22년","","1454","팰리세이드","팰리세이드","연결","높음","이름 일치","당근 이름 ""팰리세이드"" = 보배 ""팰리세이드""",""
"현대","포니","포니2","","82~90","2","1256","포니","","보배 대체","","","연결 근거 없음(당근 포니II, 포니)",""
"현대","포터","포터2","HR","04년~현재","4","548","포터","","보배 대체","","","연결 근거 없음(당근 포터II 일렉트릭, 포터II, 뉴포터, 포터)",""
"현대","포터","포터2 일렉트릭","HR","19년~현재","","1748","포터","","보배 대체","","","연결 근거 없음(당근 포터II 일렉트릭, 포터II, 뉴포터, 포터)",""
"현대","프레스토","프레스토","","85~86년","","524","프레스토","프레스토","연결","높음","이름 일치","당근 이름 ""프레스토"" = 보배 ""프레스토""",""
"현대","유니버스","유니버스","PV","","","734","유니버스","유니버스","연결","높음","이름 일치","당근 이름 ""유니버스"" = 보배 ""유니버스""",""
"현대","기타","기타","","","","430","","","보배 대체","","","당근 모델 없음",""
"기아","EV3","EV3","SV1","24년~현재","","2023","EV3","EV3","연결","높음","이름 일치","당근 이름 ""EV3"" = 보배 ""EV3""",""
"기아","EV6","더 뉴 EV6","CV","24년~현재","","2031","EV6","더 뉴EV6","연결","높음","이름 일치","당근 이름 ""더 뉴EV6"" = 보배 ""더 뉴 EV6""",""
"기아","EV6","EV6","CV","21~24년","","1893","EV6","EV6","연결","높음","이름 일치","당근 이름 ""EV6"" = 보배 ""EV6""",""
"기아","EV9","EV9","MV1","23년~현재","","1972","EV9","EV9","연결","높음","이름 일치","당근 이름 ""EV9"" = 보배 ""EV9""",""
"기아","K3","더 뉴 K3 [2세대]","BD","21년~현재","2","1506","K3","","빈 칸","","","연결 근거 없음(당근 더 뉴 K3, 올 뉴K3, 더 뉴K3 쿱, 더 뉴K3, K3 쿱, K3)",""
"기아","K3","올 뉴 K3","BD","18~21년","2","1410","K3","올 뉴K3","연결","높음","이름 일치","당근 이름 ""올 뉴K3"" = 보배 ""올 뉴 K3""",""
"기아","K3","더 뉴 K3","YD","15~18년","1","1247","K3","","보배 대체","","","연결 근거 없음(당근 더 뉴 K3, 올 뉴K3, 더 뉴K3 쿱, 더 뉴K3, K3 쿱, K3)",""
"기아","K3","K3","YD","12~15년","1","1115","K3","K3","연결","높음","이름 일치","당근 이름 ""K3"" = 보배 ""K3""",""
"기아","K3","K3 쿱","YK","13~16년","1","1163","K3","K3 쿱","연결","높음","이름 일치","당근 이름 ""K3 쿱"" = 보배 ""K3 쿱""",""
"기아","K5","더 뉴 K5 3세대","DL3","23년~현재","3","1992","K5","더 뉴K5(DL3)","연결","높음","코드 일치","당근 ""더 뉴K5(DL3)""에 코드 DL3",""
"기아","K5","더 뉴 K5 하이브리드 3세대","DL3","23년~현재","3","1993","K5","더 뉴K5 하이브리드(DL3)","연결","높음","코드 일치","당근 ""더 뉴K5 하이브리드(DL3)""에 코드 DL3",""
"기아","K5","K5 3세대","DL3","19~23년","3","1745","K5","","보배 대체","","","연결 근거 없음(당근 더 뉴K5(DL3), 더 뉴K5 하이브리드(DL3), 신형 K5(DL3), 신형 K5 하이브리드(DL3), 뉴 신형K5, 뉴 신형K5 하이브리드, 신형 K5, 신형 K5 하이브리드, 더 뉴K5, K5 하이브리드, K5)",""
"기아","K5","K5 하이브리드 3세대","DL3","19~23년","3","1746","K5","","보배 대체","","","연결 근거 없음(당근 더 뉴K5(DL3), 더 뉴K5 하이브리드(DL3), 신형 K5(DL3), 신형 K5 하이브리드(DL3), 뉴 신형K5, 뉴 신형K5 하이브리드, 신형 K5, 신형 K5 하이브리드, 더 뉴K5, K5 하이브리드, K5)",""
"기아","K5","더 뉴 K5 2세대","JF","18~20년","2","1405","K5","","보배 대체","","","연결 근거 없음(당근 더 뉴K5(DL3), 더 뉴K5 하이브리드(DL3), 신형 K5(DL3), 신형 K5 하이브리드(DL3), 뉴 신형K5, 뉴 신형K5 하이브리드, 신형 K5, 신형 K5 하이브리드, 더 뉴K5, K5 하이브리드, K5)",""
"기아","K5","K5 2세대","JF","15~18년","2","1222","K5","","보배 대체","","","연결 근거 없음(당근 더 뉴K5(DL3), 더 뉴K5 하이브리드(DL3), 신형 K5(DL3), 신형 K5 하이브리드(DL3), 뉴 신형K5, 뉴 신형K5 하이브리드, 신형 K5, 신형 K5 하이브리드, 더 뉴K5, K5 하이브리드, K5)",""
"기아","K5","K5 하이브리드 2세대","JF","15~18년","2","496","K5","","보배 대체","","","연결 근거 없음(당근 더 뉴K5(DL3), 더 뉴K5 하이브리드(DL3), 신형 K5(DL3), 신형 K5 하이브리드(DL3), 뉴 신형K5, 뉴 신형K5 하이브리드, 신형 K5, 신형 K5 하이브리드, 더 뉴K5, K5 하이브리드, K5)",""
"기아","K5","더 뉴 K5","TF","13~15년","1","1156","K5","더 뉴K5","연결","높음","이름 일치","당근 이름 ""더 뉴K5"" = 보배 ""더 뉴 K5""",""
"기아","K5","K5","TF","10~13년","1","1075","K5","K5","연결","높음","이름 일치","당근 이름 ""K5"" = 보배 ""K5""",""
"기아","K5","K5 하이브리드","TF","11~15년","1","735","K5","K5 하이브리드","연결","높음","이름 일치","당근 이름 ""K5 하이브리드"" = 보배 ""K5 하이브리드""",""
"기아","K7","K7 프리미어","YG","19~21년","2","1714","K7","K7 프리미어","연결","높음","이름 일치","당근 이름 ""K7 프리미어"" = 보배 ""K7 프리미어""",""
"기아","K7","K7 프리미어 하이브리드","YG","19~21년","2","209","K7","K7 프리미어 하이브리드","연결","높음","이름 일치","당근 이름 ""K7 프리미어 하이브리드"" = 보배 ""K7 프리미어 하이브리드""",""
"기아","K7","올 뉴 K7","YG","16~19년","2","1249","K7","올 뉴K7","연결","높음","이름 일치","당근 이름 ""올 뉴K7"" = 보배 ""올 뉴 K7""",""
"기아","K7","올 뉴 K7 하이브리드","YG","16년~현재","2","1328","K7","올 뉴K7 하이브리드","연결","높음","이름 일치","당근 이름 ""올 뉴K7 하이브리드"" = 보배 ""올 뉴 K7 하이브리드""",""
"기아","K7","더 뉴 K7","VG","12~16년","1","1128","K7","더 뉴K7","연결","높음","이름 일치","당근 이름 ""더 뉴K7"" = 보배 ""더 뉴 K7""",""
"기아","K7","K7 하이브리드","VG","13~16년","1","1174","K7","K7 하이브리드","연결","높음","이름 일치","당근 이름 ""K7 하이브리드"" = 보배 ""K7 하이브리드""",""
"기아","K7","더 프레스티지 K7","VG","11~12년","1","1020","K7","","보배 대체","","","연결 근거 없음(당근 K7 프리미어, K7 프리미어 하이브리드, 올 뉴K7, 올 뉴K7 하이브리드, K7 하이브리드, 더 뉴K7, K7 프레스티지, K7)",""
"기아","K7","K7","VG","09~11년","1","954","K7","K7","연결","높음","이름 일치","당근 이름 ""K7"" = 보배 ""K7""",""
"기아","K8","더 뉴 K8","GL3","24년~현재","","2026","K8","더 뉴K8","연결","높음","이름 일치","당근 이름 ""더 뉴K8"" = 보배 ""더 뉴 K8""",""
"기아","K8","더 뉴 K8 하이브리드","GL3","24년~현재","","2027","K8","더 뉴K8 하이브리드","연결","높음","이름 일치","당근 이름 ""더 뉴K8 하이브리드"" = 보배 ""더 뉴 K8 하이브리드""",""
"기아","K8","K8","GL3","21~24년","","1874","K8","K8","연결","높음","이름 일치","당근 이름 ""K8"" = 보배 ""K8""",""
"기아","K8","K8 하이브리드","GL3","21~24년","","1882","K8","K8 하이브리드","연결","높음","이름 일치","당근 이름 ""K8 하이브리드"" = 보배 ""K8 하이브리드""",""
"기아","K9","더 뉴 K9 [RJ]","RJ","21년~현재","2","1884","K9","더 뉴K9(RJ)","연결","높음","코드 일치","당근 ""더 뉴K9(RJ)""에 코드 RJ",""
"기아","K9","더 K9","RJ","18년~현재","2","1413","K9","더 K9(RJ)","연결","높음","코드 일치","당근 ""더 K9(RJ)""에 코드 RJ",""
"기아","K9","더 뉴 K9","KH","14~18년","1","1203","K9","더 뉴K9(KH)","연결","높음","코드 일치","당근 ""더 뉴K9(KH)""에 코드 KH",""
"기아","K9","K9","KH","12~14년","1","1104","K9","K9(KH)","연결","높음","코드 일치","당근 ""K9(KH)""에 코드 KH",""
"기아","PV5","PV5","SW1","25년~현재","1","2093","PV5","PV5","연결","높음","이름 일치","당근 이름 ""PV5"" = 보배 ""PV5""",""
"기아","그랜버드","뉴 그랜버드","","07년~현재","","504","그랜버드","뉴그랜버드","연결","높음","이름 일치","당근 이름 ""뉴그랜버드"" = 보배 ""뉴 그랜버드""",""
"기아","그랜버드","그랜버드","","94~07년","","53","그랜버드","그랜버드","연결","높음","이름 일치","당근 이름 ""그랜버드"" = 보배 ""그랜버드""",""
"기아","니로","디 올 뉴 니로","SG2","22년~현재","2","1915","니로","디 올뉴니로","연결","높음","이름 일치","당근 이름 ""디 올뉴니로"" = 보배 ""디 올 뉴 니로""",""
"기아","니로","디 올 뉴 니로 EV","SG2","22년~현재","2","1692","니로","디 올뉴니로EV","연결","높음","이름 일치","당근 이름 ""디 올뉴니로EV"" = 보배 ""디 올 뉴 니로 EV""",""
"기아","니로","더 뉴 니로","DE","19년~현재","1","1477","니로","더 뉴니로","연결","높음","이름 일치","당근 이름 ""더 뉴니로"" = 보배 ""더 뉴 니로""",""
"기아","니로","니로","DE","16~19년","1","1260","니로","니로","연결","높음","이름 일치","당근 이름 ""니로"" = 보배 ""니로""",""
"기아","니로","니로 EV","DE","18~22년","1","1467","니로","니로 EV","연결","높음","이름 일치","당근 이름 ""니로 EV"" = 보배 ""니로 EV""",""
"기아","레이","더 뉴 기아 레이","TAM","22년~현재","1","1637","레이","더 뉴기아 레이","연결","높음","이름 일치","당근 이름 ""더 뉴기아 레이"" = 보배 ""더 뉴 기아 레이""",""
"기아","레이","더 뉴 레이","TAM","17~22년","1","1398","레이","더 뉴레이","연결","높음","이름 일치","당근 이름 ""더 뉴레이"" = 보배 ""더 뉴 레이""",""
"기아","레이","레이","TAM","11~17년","1","586","레이","레이","연결","높음","이름 일치","당근 이름 ""레이"" = 보배 ""레이""",""
"기아","로체","로체 이노베이션","MG","08~10년","1","790","로체","로체 이노베이션","연결","높음","이름 일치","당근 이름 ""로체 이노베이션"" = 보배 ""로체 이노베이션""",""
"기아","모닝","더 뉴 모닝 [JA]","JA","23년~현재","3","1622","모닝","더 뉴모닝(JA)","연결","높음","코드 일치","당근 ""더 뉴모닝(JA)""에 코드 JA",""
"기아","모닝","모닝 어반","JA","20년~현재","3","1498","모닝","모닝 어반","연결","높음","이름 일치","당근 이름 ""모닝 어반"" = 보배 ""모닝 어반""",""
"기아","모닝","올 뉴 모닝 [JA]","JA","17~20년","3","1258","모닝","올 뉴모닝(JA)","연결","높음","코드 일치","당근 ""올 뉴모닝(JA)""에 코드 JA",""
"기아","모닝","더 뉴 모닝","TA","15~17년","2","1205","모닝","","보배 대체","","","연결 근거 없음(당근 더 뉴모닝(JA), 모닝 어반, 올 뉴모닝(JA), 더 뉴모닝, 올 뉴모닝, 뉴모닝, 모닝)",""
"기아","모닝","올 뉴 모닝","TA","11~15년","2","1028","모닝","","보배 대체","","","연결 근거 없음(당근 더 뉴모닝(JA), 모닝 어반, 올 뉴모닝(JA), 더 뉴모닝, 올 뉴모닝, 뉴모닝, 모닝)",""
"기아","모닝","뉴모닝","SA","08~11년","1","754","모닝","뉴모닝","연결","높음","이름 일치","당근 이름 ""뉴모닝"" = 보배 ""뉴모닝""",""
"기아","모하비","모하비 더 마스터","HM","19년~현재","1","1492","모하비","모하비 더 마스터","연결","높음","이름 일치","당근 이름 ""모하비 더 마스터"" = 보배 ""모하비 더 마스터""",""
"기아","모하비","더 뉴 모하비","HM","16년~19년","1","1266","모하비","더 뉴모하비","연결","높음","이름 일치","당근 이름 ""더 뉴모하비"" = 보배 ""더 뉴 모하비""",""
"기아","모하비","모하비","HM","07~16년","1","751","모하비","모하비","연결","높음","이름 일치","당근 이름 ""모하비"" = 보배 ""모하비""",""
"기아","봉고","더 뉴 봉고3","PU","19년~현재","4","1738","봉고","","보배 대체","","","연결 근거 없음(당근 봉고Ⅲ EV, 더 뉴봉고Ⅲ화물, 봉고Ⅲ화물, 봉고Ⅲ 버스, 봉고프론티어, 와이드봉고)",""
"기아","봉고","봉고3 EV","PU","20년~현재","4","1780","봉고","","보배 대체","","","연결 근거 없음(당근 봉고Ⅲ EV, 더 뉴봉고Ⅲ화물, 봉고Ⅲ화물, 봉고Ⅲ 버스, 봉고프론티어, 와이드봉고)",""
"기아","봉고","봉고3","PU","04~19년","4","549","봉고","","빈 칸","","","연결 근거 없음(당근 봉고Ⅲ EV, 더 뉴봉고Ⅲ화물, 봉고Ⅲ화물, 봉고Ⅲ 버스, 봉고프론티어, 와이드봉고)",""
"기아","세피아","세피아","S-CAR","92~97년","1","21","세피아","세피아","연결","높음","이름 일치","당근 이름 ""세피아"" = 보배 ""세피아""",""
"기아","셀토스","디 올 뉴 셀토스","SP3","26년~현재","","671","셀토스","디 올뉴셀토스","연결","높음","이름 일치","당근 이름 ""디 올뉴셀토스"" = 보배 ""디 올 뉴 셀토스""",""
"기아","셀토스","더 뉴 셀토스","SP2","22년~현재","","942","셀토스","더 뉴셀토스","연결","높음","이름 일치","당근 이름 ""더 뉴셀토스"" = 보배 ""더 뉴 셀토스""",""
"기아","셀토스","셀토스","SP2","19년~현재","","1726","셀토스","셀토스","연결","높음","이름 일치","당근 이름 ""셀토스"" = 보배 ""셀토스""",""
"기아","스토닉","스토닉","YB CUV","17년~현재","1","1361","스토닉","스토닉","연결","높음","이름 일치","당근 이름 ""스토닉"" = 보배 ""스토닉""",""
"기아","스팅어","스팅어 마이스터","CK","20년~현재","1","1843","스팅어","스팅어 마이스터","연결","높음","이름 일치","당근 이름 ""스팅어 마이스터"" = 보배 ""스팅어 마이스터""",""
"기아","스팅어","스팅어","CK","17~20년","1","1349","스팅어","스팅어","연결","높음","이름 일치","당근 이름 ""스팅어"" = 보배 ""스팅어""",""
"기아","스포티지","더 뉴 스포티지","NQ5","24년~현재","5","2044","스포티지","더 뉴스포티지","연결","높음","이름 일치","당근 이름 ""더 뉴스포티지"" = 보배 ""더 뉴 스포티지""",""
"기아","스포티지","더 뉴 스포티지 하이브리드","NQ5","24년~현재","5","2045","스포티지","더 뉴스포티지 하이브리드","연결","높음","이름 일치","당근 이름 ""더 뉴스포티지 하이브리드"" = 보배 ""더 뉴 스포티지 하이브리드""",""
"기아","스포티지","디 올 뉴 스포티지","NQ5","21년~현재","5","1888","스포티지","디 올뉴스포티지","연결","높음","이름 일치","당근 이름 ""디 올뉴스포티지"" = 보배 ""디 올 뉴 스포티지""",""
"기아","스포티지","디 올 뉴 스포티지 하이브리드","NQ5","21년~현재","5","1895","스포티지","디 올뉴스포티지 하이브리드","연결","높음","이름 일치","당근 이름 ""디 올뉴스포티지 하이브리드"" = 보배 ""디 올 뉴 스포티지 하이브리드""",""
"기아","스포티지","스포티지 더 볼드","QL","18년~현재","4","1431","스포티지","스포티지 더 볼드","연결","높음","이름 일치","당근 이름 ""스포티지 더 볼드"" = 보배 ""스포티지 더 볼드""",""
"기아","스포티지","스포티지 4세대","QL","15~18년","4","1235","스포티지","","보배 대체","","","연결 근거 없음(당근 더 뉴스포티지, 더 뉴스포티지 하이브리드, 디 올뉴스포티지, 디 올뉴스포티지 하이브리드, 스포티지 더 볼드, 신형 스포티지, 더 뉴스포티지R, 스포티지 R, 뉴스포티지, 스포티지아멕스, 스포티지)",""
"기아","스포티지","더 뉴 스포티지R","SL","13~16년","3","1187","스포티지","더 뉴스포티지R","연결","높음","이름 일치","당근 이름 ""더 뉴스포티지R"" = 보배 ""더 뉴 스포티지R""",""
"기아","스포티지","스포티지R","SL","10~13년","3","1071","스포티지","스포티지 R","연결","높음","이름 일치","당근 이름 ""스포티지 R"" = 보배 ""스포티지R""",""
"기아","쏘렌토","더 뉴 쏘렌토 4세대","MQ4","23년~현재","4","1977","쏘렌토","더 뉴쏘렌토(MQ4)","연결","높음","코드 일치","당근 ""더 뉴쏘렌토(MQ4)""에 코드 MQ4",""
"기아","쏘렌토","더 뉴 쏘렌토 4세대 하이브리드","MQ4","23년~현재","4","1978","쏘렌토","더 뉴쏘렌토 하이브리드(MQ4)","연결","높음","코드 일치","당근 ""더 뉴쏘렌토 하이브리드(MQ4)""에 코드 MQ4",""
"기아","쏘렌토","쏘렌토 4세대","MQ4","20년~현재","4","1501","쏘렌토","","보배 대체","","","연결 근거 없음(당근 더 뉴쏘렌토(MQ4), 더 뉴쏘렌토 하이브리드(MQ4), 신형쏘렌토(MQ4), 신형쏘렌토 하이브리드(MQ4), 더 뉴쏘렌토, 올 뉴쏘렌토, 뉴쏘렌토 R, 쏘렌토 R, 뉴쏘렌토, 쏘렌토)",""
"기아","쏘렌토","쏘렌토 4세대 하이브리드","MQ4","20년~현재","4","1890","쏘렌토","","보배 대체","","","연결 근거 없음(당근 더 뉴쏘렌토(MQ4), 더 뉴쏘렌토 하이브리드(MQ4), 신형쏘렌토(MQ4), 신형쏘렌토 하이브리드(MQ4), 더 뉴쏘렌토, 올 뉴쏘렌토, 뉴쏘렌토 R, 쏘렌토 R, 뉴쏘렌토, 쏘렌토)",""
"기아","쏘렌토","더 뉴 쏘렌토","UM","17~20년","3","1360","쏘렌토","더 뉴쏘렌토","연결","높음","이름 일치","당근 이름 ""더 뉴쏘렌토"" = 보배 ""더 뉴 쏘렌토""",""
"기아","쏘렌토","올 뉴 쏘렌토","UM","14~17년","3","1193","쏘렌토","올 뉴쏘렌토","연결","높음","이름 일치","당근 이름 ""올 뉴쏘렌토"" = 보배 ""올 뉴 쏘렌토""",""
"기아","쏘렌토","뉴 쏘렌토R","XM","12~14년","2","1111","쏘렌토","뉴쏘렌토 R","연결","높음","이름 일치","당근 이름 ""뉴쏘렌토 R"" = 보배 ""뉴 쏘렌토R""",""
"기아","쏘렌토","쏘렌토R","XM","09~12년","2","875","쏘렌토","쏘렌토 R","연결","높음","이름 일치","당근 이름 ""쏘렌토 R"" = 보배 ""쏘렌토R""",""
"기아","쏘울","쏘울 부스터","SK3","19년~현재","3","1472","쏘울","쏘울 부스터","연결","높음","이름 일치","당근 이름 ""쏘울 부스터"" = 보배 ""쏘울 부스터""",""
"기아","쏘울","올 뉴 쏘울","PS","13~16년","2","945","쏘울","올 뉴쏘울","연결","높음","이름 일치","당근 이름 ""올 뉴쏘울"" = 보배 ""올 뉴 쏘울""",""
"기아","쏘울","쏘울","AM","08~13년","1","825","쏘울","쏘울","연결","높음","이름 일치","당근 이름 ""쏘울"" = 보배 ""쏘울""",""
"기아","쏘울","쏘울 EV","PS","14~19년","2","1430","쏘울","쏘울 EV","연결","높음","이름 일치","당근 이름 ""쏘울 EV"" = 보배 ""쏘울 EV""",""
"기아","엘란","엘란","M100","96~00년","1","19","엘란","엘란","연결","높음","이름 일치","당근 이름 ""엘란"" = 보배 ""엘란""",""
"기아","오피러스","오피러스 프리미엄","GH","09~11년","1","883","오피러스","오피러스 프리미엄","연결","높음","이름 일치","당근 이름 ""오피러스 프리미엄"" = 보배 ""오피러스 프리미엄""",""
"기아","오피러스","뉴 오피러스","GH","06~09년","1","666","오피러스","뉴오피러스","연결","높음","이름 일치","당근 이름 ""뉴오피러스"" = 보배 ""뉴 오피러스""",""
"기아","카니발","더 뉴 카니발 4세대"," KA4 ","23년~현재","4","1989","카니발","더 뉴카니발(KA4)","연결","높음","코드 일치","당근 ""더 뉴카니발(KA4)""에 코드 KA4",""
"기아","카니발","카니발 4세대","KA4","20~23년","4","1838","카니발","","보배 대체","","","연결 근거 없음(당근 더 뉴카니발(KA4), 더 뉴카니발 하이브리드(KA4), 신형 카니발(KA4), 더 뉴카니발, 올 뉴카니발, 카니발 R, 뉴카니발, 그랜드카니발, 카니발2, 카니발)",""
"기아","카니발","더 뉴 카니발","YP","18~20년","3","1412","카니발","더 뉴카니발","연결","높음","이름 일치","당근 이름 ""더 뉴카니발"" = 보배 ""더 뉴 카니발""",""
"기아","카니발","올 뉴 카니발","YP","14~18년","3","1180","카니발","올 뉴카니발","연결","높음","이름 일치","당근 이름 ""올 뉴카니발"" = 보배 ""올 뉴 카니발""",""
"기아","카니발","그랜드 카니발 R","VQ","10~14년","2","1505","카니발","","빈 칸","","","연결 근거 없음(당근 더 뉴카니발(KA4), 더 뉴카니발 하이브리드(KA4), 신형 카니발(KA4), 더 뉴카니발, 올 뉴카니발, 카니발 R, 뉴카니발, 그랜드카니발, 카니발2, 카니발)",""
"기아","카니발","뉴 카니발 R","VQ","10~14년","2","1500","카니발","","빈 칸","","","연결 근거 없음(당근 더 뉴카니발(KA4), 더 뉴카니발 하이브리드(KA4), 신형 카니발(KA4), 더 뉴카니발, 올 뉴카니발, 카니발 R, 뉴카니발, 그랜드카니발, 카니발2, 카니발)",""
"기아","카니발","그랜드 카니발","VQ","05~10년","2","624","카니발","그랜드카니발","연결","높음","이름 일치","당근 이름 ""그랜드카니발"" = 보배 ""그랜드 카니발""",""
"기아","카렌스","더 뉴 카렌스","RP","16~18년","3","1302","카렌스","더 뉴카렌스","연결","높음","이름 일치","당근 이름 ""더 뉴카렌스"" = 보배 ""더 뉴 카렌스""",""
"기아","카렌스","올 뉴 카렌스","RP","13~16년","3","1142","카렌스","올 뉴카렌스","연결","높음","이름 일치","당근 이름 ""올 뉴카렌스"" = 보배 ""올 뉴 카렌스""",""
"기아","캐피탈","캐피탈","","89~96년","","20","캐피탈","캐피탈","연결","높음","이름 일치","당근 이름 ""캐피탈"" = 보배 ""캐피탈""",""
"기아","코스모스","코스모스","AM818","89~02년","1","52","코스모스","코스모스","연결","높음","이름 일치","당근 이름 ""코스모스"" = 보배 ""코스모스""",""
"기아","타스만","타스만","TK1","25년~현재","","2051","타스만","타스만","연결","높음","이름 일치","당근 이름 ""타스만"" = 보배 ""타스만""",""
"기아","포르테","포르테","TD","08~13년","1","813","포르테","포르테","연결","높음","이름 일치","당근 이름 ""포르테"" = 보배 ""포르테""",""
"기아","포르테","포르테 쿱","XK","09~13년","1","879","포르테","포르테 쿱","연결","높음","이름 일치","당근 이름 ""포르테 쿱"" = 보배 ""포르테 쿱""",""
"기아","포텐샤","포텐샤","T1","92~97년","1","16","포텐샤","포텐샤","연결","높음","이름 일치","당근 이름 ""포텐샤"" = 보배 ""포텐샤""",""
"기아","프라이드","뉴 프라이드","JB","05~11년","2","628","프라이드","","보배 대체","","","연결 근거 없음(당근 더 뉴프라이드, 올 뉴프라이드, 프라이드(신형), 프라이드)",""
"기아","프라이드","프라이드","WA","87~00년","1","45","프라이드","프라이드","연결","높음","이름 일치","당근 이름 ""프라이드"" = 보배 ""프라이드""",""
"기아","기타","기타","","","","44","","","보배 대체","","","당근 모델 없음",""
"포르쉐","718","718 박스터","982","16년~현재","","1290","","","보배 대체","","","당근 모델 없음",""
"포르쉐","718","718 스파이더","982","19년~현재","","1781","","","빈 칸","","","당근 모델 없음",""
"포르쉐","718","718 카이맨","982","16년~현재","","1344","","","보배 대체","","","당근 모델 없음",""
"포르쉐","911","911","992","19년~현재","8","1488","911","911(992)","연결","높음","코드 일치","당근 ""911(992)""에 코드 992",""
"포르쉐","911","911","991","12~19년","7","455","911","911(991)","연결","높음","코드 일치","당근 ""911(991)""에 코드 991",""
"포르쉐","911","911","997","04~13년","6","340","911","911(997)","연결","높음","코드 일치","당근 ""911(997)""에 코드 997",""
"포르쉐","911","911","996","99~05년","5","1531","911","911(996)","연결","높음","코드 일치","당근 ""911(996)""에 코드 996",""
"포르쉐","911","911","","64~98년","","1920","911","","빈 칸","","","연결 근거 없음(당근 911(992), 911(991), 911(997), 911(996), 911)",""
"포르쉐","박스터","박스터","981","13~16년","3","1123","박스터","박스터(981)","연결","높음","코드 일치","당근 ""박스터(981)""에 코드 981",""
"포르쉐","박스터","박스터","987","05~12년","2","339","박스터","박스터(987)","연결","높음","코드 일치","당근 ""박스터(987)""에 코드 987",""
"포르쉐","카이맨","카이맨","981","13~16년","","1144","카이맨","카이맨(981)","연결","높음","코드 일치","당근 ""카이맨(981)""에 코드 981",""
"포르쉐","카이맨","카이맨","987","05~12년","","639","카이맨","카이맨(987)","연결","높음","코드 일치","당근 ""카이맨(987)""에 코드 987",""
"포르쉐","마칸","마칸 일렉트릭","","24년~현재","","2053","마칸","마칸 일렉트릭","연결","높음","이름 일치","당근 이름 ""마칸 일렉트릭"" = 보배 ""마칸 일렉트릭""",""
"포르쉐","마칸","마칸","95B","14년~현재","","1183","마칸","마칸","연결","높음","이름 일치","당근 이름 ""마칸"" = 보배 ""마칸""",""
"포르쉐","카이엔","카이엔","9Y0","19년~현재","3","1422","카이엔","카이엔(3세대)","연결","높음","세대 번호 일치","보배 3세대 = 당근 ""카이엔(3세대)""(최신 세대 번호 양쪽 3)",""
"포르쉐","카이엔","카이엔","958","11~18년","2","1076","카이엔","카이엔(2세대)","연결","높음","세대 번호 일치","보배 2세대 = 당근 ""카이엔(2세대)""(최신 세대 번호 양쪽 3)",""
"포르쉐","카이엔","카이엔","955","02~10년","1","344","카이엔","카이엔(1세대)","연결","높음","세대 번호 일치","보배 1세대 = 당근 ""카이엔(1세대)""(최신 세대 번호 양쪽 3)",""
"포르쉐","타이칸","타이칸","","20년~현재","","1264","타이칸","타이칸","연결","높음","이름 일치","당근 이름 ""타이칸"" = 보배 ""타이칸""",""
"포르쉐","파나메라","파나메라","972","24년~현재","3","2008","파나메라","파나메라(3세대)","연결","높음","세대 번호 일치","보배 3세대 = 당근 ""파나메라(3세대)""(최신 세대 번호 양쪽 3)",""
"포르쉐","파나메라","파나메라","971","17~24년","2","1301","파나메라","파나메라(2세대)","연결","높음","세대 번호 일치","보배 2세대 = 당근 ""파나메라(2세대)""(최신 세대 번호 양쪽 3)",""
"포르쉐","파나메라","파나메라","970","09~16년","1","960","파나메라","파나메라","연결","중간","세대 없는 이름 = 1세대","보배 1세대 = 당근 ""파나메라""(당근은 파나메라(3세대), 파나메라(2세대) 외 세대 없는 이름)(최신 세대 번호 양쪽 3)",""
"포르쉐","944","944","","82~91년","","1534","944","944","연결","높음","이름 일치","당근 이름 ""944"" = 보배 ""944""",""
"페라리","296","296","","22년~현재","","527","296","","빈 칸","","","연결 근거 없음(당근 296 GTB, 296 GTS)",""
"페라리","308","308","","75~85년","","1401","308","308","연결","높음","이름 일치","당근 이름 ""308"" = 보배 ""308""",""
"페라리","328","328","","86~89년","","1479","328","328","연결","높음","이름 일치","당근 이름 ""328"" = 보배 ""328""",""
"페라리","360","360","","99~05년","","483","360","360","연결","높음","이름 일치","당근 이름 ""360"" = 보배 ""360""",""
"페라리","458","458","","10~15년","","976","458","458","연결","높음","이름 일치","당근 이름 ""458"" = 보배 ""458""",""
"페라리","488","488","","15년~현재","","1230","488","488","연결","높음","이름 일치","당근 이름 ""488"" = 보배 ""488""",""
"페라리","575M","575M","","02~06년","","489","575M","575M","연결","높음","이름 일치","당근 이름 ""575M"" = 보배 ""575M""",""
"페라리","599","599","","06~12년","","500","599","599","연결","높음","이름 일치","당근 이름 ""599"" = 보배 ""599""",""
"페라리","612","612","","04~11년","","601","612","612","연결","높음","이름 일치","당근 이름 ""612"" = 보배 ""612""",""
"페라리","812","812","","17년~현재","","1397","812","","보배 대체","","","연결 근거 없음(당근 812 컴페티치오네, 812 GTS, 812 슈퍼패스트)",""
"페라리","F8","F8","","19년~현재","","1740","","","빈 칸","","","당근 모델 없음",""
"페라리","F12","F12","","12~17년","","1117","","","보배 대체","","","당근 모델 없음",""
"페라리","F355","F355","","94~99년","","328","F355","F355","연결","높음","이름 일치","당근 이름 ""F355"" = 보배 ""F355""",""
"페라리","F430","F430","","04~09년","","588","F430","F430","연결","높음","이름 일치","당근 이름 ""F430"" = 보배 ""F430""",""
"페라리","FF","FF","","11~16년","","1024","FF","FF","연결","높음","이름 일치","당근 이름 ""FF"" = 보배 ""FF""",""
"페라리","GTC4 루쏘","GTC4 루쏘","","17년~현재","","1334","GTC4 루쏘","GTC4 루쏘","연결","높음","이름 일치","당근 이름 ""GTC4 루쏘"" = 보배 ""GTC4 루쏘""",""
"페라리","SF90","SF90","","20년~현재","","1799","SF90","SF90","연결","높음","이름 일치","당근 이름 ""SF90"" = 보배 ""SF90""",""
"페라리","로마","로마","","20년~현재","","1702","로마","로마","연결","높음","이름 일치","당근 이름 ""로마"" = 보배 ""로마""",""
"페라리","캘리포니아","캘리포니아","","08년~현재","","936","캘리포니아","캘리포니아","연결","높음","이름 일치","당근 이름 ""캘리포니아"" = 보배 ""캘리포니아""",""
"페라리","포르토피노","포르토피노","","18년~현재","","1441","포르토피노","포르토피노","연결","높음","이름 일치","당근 이름 ""포르토피노"" = 보배 ""포르토피노""",""
"페라리","푸로산게","푸로산게","","24년~현재","","1669","푸로산게","푸로산게","연결","높음","이름 일치","당근 이름 ""푸로산게"" = 보배 ""푸로산게""",""
"람보르기니","가야르도","가야르도","","04~14년","","555","가야르도","","보배 대체","","","연결 근거 없음(당근 가야르도(2세대), 가야르도(1세대))",""
"람보르기니","레부엘토","레부엘토","","","1","2092","레부엘토","레부엘토","연결","높음","이름 일치","당근 이름 ""레부엘토"" = 보배 ""레부엘토""",""
"람보르기니","무르시엘라고","무르시엘라고","","01~10년","","448","무르시엘라고","무르시엘라고","연결","높음","이름 일치","당근 이름 ""무르시엘라고"" = 보배 ""무르시엘라고""",""
"람보르기니","아벤타도르","아벤타도르","","11년~현재","","608","아벤타도르","아벤타도르","연결","높음","이름 일치","당근 이름 ""아벤타도르"" = 보배 ""아벤타도르""",""
"람보르기니","우라칸","우라칸","","14년~현재","1","1182","우라칸","우라칸","연결","높음","이름 일치","당근 이름 ""우라칸"" = 보배 ""우라칸""",""
"람보르기니","우루스","우루스","","19년~현재","1","1449","우루스","우루스","연결","높음","이름 일치","당근 이름 ""우루스"" = 보배 ""우루스""",""
"벤틀리","뮬산","뮬산","","10년~현재","2","1033","뮬산","뮬산","연결","높음","이름 일치","당근 이름 ""뮬산"" = 보배 ""뮬산""",""
"벤틀리","벤테이가","벤테이가","","16년~현재","","1322","벤테이가","벤테이가","연결","높음","이름 일치","당근 이름 ""벤테이가"" = 보배 ""벤테이가""",""
"벤틀리","컨티넨탈 GT","컨티넨탈 GT","","24년~현재","4","2043","컨티넨탈","","빈 칸","","","당근 모델 없음",""
"벤틀리","컨티넨탈 GT","컨티넨탈 GT","","18~24년","3","1433","컨티넨탈","","보배 대체","","","당근 모델 없음",""
"벤틀리","컨티넨탈 GT","컨티넨탈 GT","","12~17년","2","1091","컨티넨탈","","보배 대체","","","당근 모델 없음",""
"벤틀리","컨티넨탈 GT","컨티넨탈 GT","","52~11년","1","641","컨티넨탈","","보배 대체","","","당근 모델 없음",""
"벤틀리","플라잉스퍼","플라잉스퍼","","19년~24년","3","1537","플라잉스퍼","","빈 칸","","","당근 모델 없음",""
"벤틀리","플라잉스퍼","플라잉스퍼","","14~18년","2","1190","플라잉스퍼","","보배 대체","","","당근 모델 없음",""
"벤틀리","아르나지","아르나지","","98~09년","","462","아르나지","아르나지","연결","높음","이름 일치","당근 이름 ""아르나지"" = 보배 ""아르나지""",""
"롤스로이스","고스트","고스트","","20년~현재","2","1844","고스트","고스트(2세대)","연결","높음","세대 번호 일치","보배 2세대 = 당근 ""고스트(2세대)""(최신 세대 번호 양쪽 2)",""
"롤스로이스","고스트","고스트","","10~20년","1","981","고스트","고스트","연결","중간","세대 없는 이름 = 1세대","보배 1세대 = 당근 ""고스트""(당근은 고스트(2세대) 외 세대 없는 이름)(최신 세대 번호 양쪽 2)",""
"롤스로이스","던","던","","16년~현재","","1341","던","던","연결","높음","이름 일치","당근 이름 ""던"" = 보배 ""던""",""
"롤스로이스","팬텀","팬텀","","17년~현재","8","450","팬텀","","빈 칸","","","연결 근거 없음(당근 팬텀, 팬텀)",""
"롤스로이스","팬텀","팬텀","","03~17년","","1959","팬텀","","빈 칸","","","연결 근거 없음(당근 팬텀, 팬텀)",""
"롤스로이스","레이스","레이스","","14년~현재","1","1166","레이스","레이스","연결","높음","이름 일치","당근 이름 ""레이스"" = 보배 ""레이스""",""
"롤스로이스","스펙터","스펙터","","23년~현재","","1991","스펙터","스펙터","연결","높음","이름 일치","당근 이름 ""스펙터"" = 보배 ""스펙터""",""
"롤스로이스","컬리넌","컬리넌","","18년~현재","1","1021","컬리넌","컬리넌","연결","높음","이름 일치","당근 이름 ""컬리넌"" = 보배 ""컬리넌""",""
"롤스로이스","실버 클라우드","실버 클라우드Ⅱ","","59~62년","","1529","","","빈 칸","","","당근 모델 없음",""
