"scenario_id","image_file","title","manufacturer","model","equipment_type","detail_type","year","operating_hours","region","price_10k_krw","seller_type","condition","inspection","delivery","quickfilter_tags","is_virtual","source_manifest_version","scenario_version","seller_name","seller_address","seller_contact","seller_intro","business_hours"
"heavy-001","heavy_listing_001_v01.jpeg","380","미확인","380","굴삭기","1.3㎥ 이상","2015","1800","경기","4500","전문 판매업체","A+급","점검표 제공","운송 협의","굴삭기|1.3㎥ 이상|2015|경기|전문 판매업체","true","v01","v04","중기파트너 경기 01점 (가상)","경기도 가상시 테스트구 건설기계 전시장 (가상 주소)","앱 채팅만 사용 (가상)","건설기계 점검·운송 상담용 가상 판매자 프로필","평일 09:00~18:00 (가상)"
"heavy-002","heavy_listing_002_v01.jpg","EC480E","볼보","EC480E","굴삭기","1.3㎥ 이상","2016","2237","인천","18800","인증 판매업체","A+급","현장 확인","현장 인수","굴삭기|1.3㎥ 이상|2016|인천|인증 판매업체","true","v01","v04","헤비웍스 인천 02점 (가상)","인천광역시 가상시 테스트구 건설기계 전시장 (가상 주소)","앱 채팅만 사용 (가상)","건설기계 점검·운송 상담용 가상 판매자 프로필","평일 09:00~18:00 (가상)"
"heavy-003","heavy_listing_003_v01.jpg","EC380D","볼보","EC380D","굴삭기","1.3㎥ 이상","2017","2674","충남","4000","개인 판매","A+급","현장 확인","운송 협의","굴삭기|1.3㎥ 이상|2017|충남|개인 판매","true","v01","v04","개인 판매자 장비인003 (가상)","충청남도 가상시 테스트구 건설기계 직거래 지점 (가상 주소)","앱 채팅만 사용 (가상)","건설기계 점검·운송 상담용 가상 판매자 프로필","평일 09:00~18:00 (가상)"
"heavy-004","heavy_listing_004_v01.jpg","HX300A","현대","HX300A","굴삭기","1.0㎥ 이상","2018","3111","전북","7800","전문 판매업체","A+급","점검표 제공","현장 인수","굴삭기|1.0㎥ 이상|2018|전북|전문 판매업체","true","v01","v04","장비브릿지 전북 04점 (가상)","전북특별자치도 가상시 테스트구 건설기계 전시장 (가상 주소)","앱 채팅만 사용 (가상)","건설기계 점검·운송 상담용 가상 판매자 프로필","평일 09:00~18:00 (가상)"
"heavy-005","heavy_listing_005_v01.jpg","hx300특급","현대","hx300특급","굴삭기","1.0㎥ 이상","2019","3548","경남","6000","인증 판매업체","A+급","현장 확인","운송 협의","굴삭기|1.0㎥ 이상|2019|경남|인증 판매업체","true","v01","v04","현장모터스 경남 05점 (가상)","경상남도 가상시 테스트구 건설기계 전시장 (가상 주소)","앱 채팅만 사용 (가상)","건설기계 점검·운송 상담용 가상 판매자 프로필","평일 09:00~18:00 (가상)"
"heavy-006","heavy_listing_006_v01.jpg","R300LC","현대","R300LC","굴삭기","1.0㎥ 이상","2020","3985","대구","4200","개인 판매","A급","현장 확인","현장 인수","굴삭기|1.0㎥ 이상|2020|대구|개인 판매","true","v01","v04","개인 판매자 장비인006 (가상)","대구광역시 가상시 테스트구 건설기계 직거래 지점 (가상 주소)","앱 채팅만 사용 (가상)","건설기계 점검·운송 상담용 가상 판매자 프로필","평일 09:00~18:00 (가상)"
"heavy-007","heavy_listing_007_v01.jpg","ECR145숏붐","볼보","ECR145숏붐","굴삭기","0.4~0.9㎥","2021","4422","부산","2750","전문 판매업체","A+급","점검표 제공","운송 협의","굴삭기|0.4~0.9㎥|2021|부산|전문 판매업체","true","v01","v04","헤비웍스 부산 07점 (가상)","부산광역시 가상시 테스트구 건설기계 전시장 (가상 주소)","앱 채팅만 사용 (가상)","건설기계 점검·운송 상담용 가상 판매자 프로필","평일 09:00~18:00 (가상)"
"heavy-008","heavy_listing_008_v01.jpeg","Dx140표준붐","디벨론","Dx140표준붐","굴삭기","0.4~0.9㎥","2022","4859","강원","7700","인증 판매업체","A급","현장 확인","현장 인수","굴삭기|0.4~0.9㎥|2022|강원|인증 판매업체","true","v01","v04","건설기계 허브 강원 08점 (가상)","강원특별자치도 가상시 테스트구 건설기계 전시장 (가상 주소)","앱 채팅만 사용 (가상)","건설기계 점검·운송 상담용 가상 판매자 프로필","평일 09:00~18:00 (가상)"
"heavy-009","heavy_listing_009_v01.jpg","SK75코집회전","코벨코","SK75코집회전","굴삭기","0.4~0.9㎥","2023","5296","충북","3500","개인 판매","A+급","현장 확인","운송 협의","굴삭기|0.4~0.9㎥|2023|충북|개인 판매","true","v01","v04","개인 판매자 장비인009 (가상)","충청북도 가상시 테스트구 건설기계 직거래 지점 (가상 주소)","앱 채팅만 사용 (가상)","건설기계 점검·운송 상담용 가상 판매자 프로필","평일 09:00~18:00 (가상)"
"heavy-010","heavy_listing_010_v01.jpg","55MT코집특","미확인","55MT코집특","굴삭기","0.3㎥ 이하","2024","5733","전남","2750","전문 판매업체","A+급","점검표 제공","현장 인수","굴삭기|0.3㎥ 이하|2024|전남|전문 판매업체","true","v01","v04","현장모터스 전남 10점 (가상)","전라남도 가상시 테스트구 건설기계 전시장 (가상 주소)","앱 채팅만 사용 (가상)","건설기계 점검·운송 상담용 가상 판매자 프로필","평일 09:00~18:00 (가상)"
"heavy-011","heavy_listing_011_v01.jpg","EC60E집게","볼보","EC60E집게","굴삭기","0.3㎥ 이하","2025","6170","경기","3100","인증 판매업체","A+급","현장 확인","운송 협의","굴삭기|0.3㎥ 이하|2025|경기|인증 판매업체","true","v01","v04","중기파트너 경기 11점 (가상)","경기도 가상시 테스트구 건설기계 전시장 (가상 주소)","앱 채팅만 사용 (가상)","건설기계 점검·운송 상담용 가상 판매자 프로필","평일 09:00~18:00 (가상)"
"heavy-012","heavy_listing_012_v01.jpg","EC65F풀셋","볼보","EC65F풀셋","굴삭기","0.3㎥ 이하","2015","6607","인천","6900","개인 판매","A+급","현장 확인","현장 인수","굴삭기|0.3㎥ 이하|2015|인천|개인 판매","true","v01","v04","개인 판매자 장비인012 (가상)","인천광역시 가상시 테스트구 건설기계 직거래 지점 (가상 주소)","앱 채팅만 사용 (가상)","건설기계 점검·운송 상담용 가상 판매자 프로필","평일 09:00~18:00 (가상)"
"heavy-013","heavy_listing_013_v01.jpg","U20","구보다","U20","미니굴삭기","미니굴삭기","2016","7044","충남","2000","전문 판매업체","A+급","점검표 제공","운송 협의","미니굴삭기|미니굴삭기|2016|충남|전문 판매업체","true","v01","v04","건설기계 허브 충남 13점 (가상)","충청남도 가상시 테스트구 건설기계 전시장 (가상 주소)","앱 채팅만 사용 (가상)","건설기계 점검·운송 상담용 가상 판매자 프로필","평일 09:00~18:00 (가상)"
"heavy-014","heavy_listing_014_v01.jpg","SK35코집","코벨코","SK35코집","미니굴삭기","미니굴삭기","2017","7481","전북","2100","인증 판매업체","A+급","현장 확인","현장 인수","미니굴삭기|미니굴삭기|2017|전북|인증 판매업체","true","v01","v04","장비브릿지 전북 14점 (가상)","전북특별자치도 가상시 테스트구 건설기계 전시장 (가상 주소)","앱 채팅만 사용 (가상)","건설기계 점검·운송 상담용 가상 판매자 프로필","평일 09:00~18:00 (가상)"
"heavy-015","heavy_listing_015_v01.jpg","U20저비용","구보다","U20저비용","미니굴삭기","미니굴삭기","2018","7918","경남","1800","개인 판매","A+급","현장 확인","운송 협의","미니굴삭기|미니굴삭기|2018|경남|개인 판매","true","v01","v04","개인 판매자 장비인015 (가상)","경상남도 가상시 테스트구 건설기계 직거래 지점 (가상 주소)","앱 채팅만 사용 (가상)","건설기계 점검·운송 상담용 가상 판매자 프로필","평일 09:00~18:00 (가상)"
"heavy-016","heavy_listing_016_v01.jpg","DX55W대쪽","디벨론","DX55W대쪽","굴삭기","타이어식","2019","8355","대구","6700","전문 판매업체","A+급","점검표 제공","현장 인수","굴삭기|타이어식|2019|대구|전문 판매업체","true","v01","v04","중기파트너 대구 16점 (가상)","대구광역시 가상시 테스트구 건설기계 전시장 (가상 주소)","앱 채팅만 사용 (가상)","건설기계 점검·운송 상담용 가상 판매자 프로필","평일 09:00~18:00 (가상)"
"heavy-017","heavy_listing_017_v01.jpg","160W독회링어","미확인","160W독회링어","굴삭기","타이어식","2020","8792","부산","8800","인증 판매업체","A+급","현장 확인","운송 협의","굴삭기|타이어식|2020|부산|인증 판매업체","true","v01","v04","헤비웍스 부산 17점 (가상)","부산광역시 가상시 테스트구 건설기계 전시장 (가상 주소)","앱 채팅만 사용 (가상)","건설기계 점검·운송 상담용 가상 판매자 프로필","평일 09:00~18:00 (가상)"
"heavy-018","heavy_listing_018_v01.png","HW155회링집","현대","HW155회링집","굴삭기","타이어식","2021","9229","강원","14700","개인 판매","A+급","현장 확인","현장 인수","굴삭기|타이어식|2021|강원|개인 판매","true","v01","v04","개인 판매자 장비인018 (가상)","강원특별자치도 가상시 테스트구 건설기계 직거래 지점 (가상 주소)","앱 채팅만 사용 (가상)","건설기계 점검·운송 상담용 가상 판매자 프로필","평일 09:00~18:00 (가상)"
"heavy-019","heavy_listing_019_v01.jpeg","08대바가지","미확인","08대바가지","어태치먼트","굴삭기 어태치먼트","2022","9666","충북","300","전문 판매업체","A+급","점검표 제공","운송 협의","어태치먼트|굴삭기 어태치먼트|2022|충북|전문 판매업체","true","v01","v04","장비브릿지 충북 19점 (가상)","충청북도 가상시 테스트구 건설기계 전시장 (가상 주소)","앱 채팅만 사용 (가상)","건설기계 점검·운송 상담용 가상 판매자 프로필","평일 09:00~18:00 (가상)"
"heavy-020","heavy_listing_020_v01.jpg","수산브레이커87","미확인","수산브레이커87","어태치먼트","굴삭기 어태치먼트","2023","1903","전남","850","인증 판매업체","A+급","현장 확인","현장 인수","어태치먼트|굴삭기 어태치먼트|2023|전남|인증 판매업체","true","v01","v04","현장모터스 전남 20점 (가상)","전라남도 가상시 테스트구 건설기계 전시장 (가상 주소)","앱 채팅만 사용 (가상)","건설기계 점검·운송 상담용 가상 판매자 프로필","평일 09:00~18:00 (가상)"
"heavy-021","heavy_listing_021_v01.jpeg","760IT","미확인","760IT","어태치먼트","굴삭기 어태치먼트","2024","2340","경기","3200","개인 판매","A+급","현장 확인","운송 협의","어태치먼트|굴삭기 어태치먼트|2024|경기|개인 판매","true","v01","v04","개인 판매자 장비인021 (가상)","경기도 가상시 테스트구 건설기계 직거래 지점 (가상 주소)","앱 채팅만 사용 (가상)","건설기계 점검·운송 상담용 가상 판매자 프로필","평일 09:00~18:00 (가상)"
"heavy-022","heavy_listing_022_v01.jpg","중고공구리통","미확인","중고공구리통","부속품","굴삭기 부속","2025","2777","인천","150","전문 판매업체","A+급","점검표 제공","현장 인수","부속품|굴삭기 부속|2025|인천|전문 판매업체","true","v01","v04","헤비웍스 인천 22점 (가상)","인천광역시 가상시 테스트구 건설기계 전시장 (가상 주소)","앱 채팅만 사용 (가상)","건설기계 점검·운송 상담용 가상 판매자 프로필","평일 09:00~18:00 (가상)"
"heavy-023","heavy_listing_023_v01.jpg","R500특A","현대","R500특A","덤프트럭","19톤 이상","2015","3214","충남","9400","인증 판매업체","A+급","현장 확인","운송 협의","덤프트럭|19톤 이상|2015|충남|인증 판매업체","true","v01","v04","건설기계 허브 충남 23점 (가상)","충청남도 가상시 테스트구 건설기계 전시장 (가상 주소)","앱 채팅만 사용 (가상)","건설기계 점검·운송 상담용 가상 판매자 프로필","평일 09:00~18:00 (가상)"
"heavy-024","heavy_listing_024_v01.jpg","3대460FM","미확인","3대460FM","덤프트럭","19톤 이상","2016","3651","전북","4600","개인 판매","A+급","현장 확인","현장 인수","덤프트럭|19톤 이상|2016|전북|개인 판매","true","v01","v04","개인 판매자 장비인024 (가상)","전북특별자치도 가상시 테스트구 건설기계 직거래 지점 (가상 주소)","앱 채팅만 사용 (가상)","건설기계 점검·운송 상담용 가상 판매자 프로필","평일 09:00~18:00 (가상)"
"heavy-025","heavy_listing_025_v01.jpg","440영업용","미확인","440영업용","덤프트럭","19톤 이상","2017","4088","경남","3500","전문 판매업체","A+급","점검표 제공","운송 협의","덤프트럭|19톤 이상|2017|경남|전문 판매업체","true","v01","v04","현장모터스 경남 25점 (가상)","경상남도 가상시 테스트구 건설기계 전시장 (가상 주소)","앱 채팅만 사용 (가상)","건설기계 점검·운송 상담용 가상 판매자 프로필","평일 09:00~18:00 (가상)"
"heavy-026","heavy_listing_026_v01.jpeg","파워텍380","현대","파워텍380","덤프트럭","16톤 이하","2018","4525","대구","2000","인증 판매업체","A급","현장 확인","현장 인수","덤프트럭|16톤 이하|2018|대구|인증 판매업체","true","v01","v04","중기파트너 대구 26점 (가상)","대구광역시 가상시 테스트구 건설기계 전시장 (가상 주소)","앱 채팅만 사용 (가상)","건설기계 점검·운송 상담용 가상 판매자 프로필","평일 09:00~18:00 (가상)"
"heavy-027","heavy_listing_027_v01.jpg","프리마.410","타타대우","프리마.410","덤프트럭","16톤 이하","2019","4962","부산","5200","개인 판매","A+급","현장 확인","운송 협의","덤프트럭|16톤 이하|2019|부산|개인 판매","true","v01","v04","개인 판매자 장비인027 (가상)","부산광역시 가상시 테스트구 건설기계 직거래 지점 (가상 주소)","앱 채팅만 사용 (가상)","건설기계 점검·운송 상담용 가상 판매자 프로필","평일 09:00~18:00 (가상)"
"heavy-028","heavy_listing_028_v01.jpg","파워자가용제설무","미확인","파워자가용제설무","덤프트럭","16톤 이하","2020","5399","강원","8200","전문 판매업체","A+급","점검표 제공","현장 인수","덤프트럭|16톤 이하|2020|강원|전문 판매업체","true","v01","v04","건설기계 허브 강원 28점 (가상)","강원특별자치도 가상시 테스트구 건설기계 전시장 (가상 주소)","앱 채팅만 사용 (가상)","건설기계 점검·운송 상담용 가상 판매자 프로필","평일 09:00~18:00 (가상)"
"heavy-029","heavy_listing_029_v01.jpg","메가저상롱덤프","현대","메가저상롱덤프","덤프트럭","10톤 이하","2021","5836","충북","5200","인증 판매업체","A+급","현장 확인","운송 협의","덤프트럭|10톤 이하|2021|충북|인증 판매업체","true","v01","v04","장비브릿지 충북 29점 (가상)","충청북도 가상시 테스트구 건설기계 전시장 (가상 주소)","앱 채팅만 사용 (가상)","건설기계 점검·운송 상담용 가상 판매자 프로필","평일 09:00~18:00 (가상)"
"heavy-030","heavy_listing_030_v01.jpg","5M10저상덤프","미확인","5M10저상덤프","덤프트럭","10톤 이하","2022","6273","전남","5100","개인 판매","A+급","현장 확인","현장 인수","덤프트럭|10톤 이하|2022|전남|개인 판매","true","v01","v04","개인 판매자 장비인030 (가상)","전라남도 가상시 테스트구 건설기계 직거래 지점 (가상 주소)","앱 채팅만 사용 (가상)","건설기계 점검·운송 상담용 가상 판매자 프로필","평일 09:00~18:00 (가상)"
