"index","file_name","source_site","source_listing_id","title","source_listing_url","source_image_url","category_code","price","condition","image_quality","captured_at","file_bytes","sha256"
"1","heavy_listing_001_v01.jpeg","4396200","9348828","380","https://www.4396200.com/sub8_1_vvv.html?pid=9348828","https://www.4396200.com/upload/goods/goods_new/100100/2609/I1-1788579782910-fclmn.jpeg","100100","4,500만원","A+급","full","2026-10-02","133927","2e519ca15bf4733397719f297b1a9c935975750408b8cb8fc79138bf07b9a83e"
"2","heavy_listing_002_v01.jpg","4396200","9381307","EC480E","https://www.4396200.com/sub8_1_vvv.html?pid=9381307","https://www.4396200.com/upload/goods/goods_new/100100/2609/I1-1790144364050-x12y2.jpg","100100","18,800만원","A+급","full","2026-10-02","91875","4814c62806cf6676a6f3b9701633dacea38546206e68f8bf7ba6a977241c4604"
"3","heavy_listing_003_v01.jpg","4396200","9388215","EC380D","https://www.4396200.com/sub8_1_vvv.html?pid=9388215","https://www.4396200.com/upload/goods/goods_new/100100/2609/I1-1790656712518-5rt9s.jpg","100100","4,000만원","A+급","full","2026-10-02","112380","5da06cee180f438fb31ed870576a4c6850521185d7099a86aa45c215c1fb05cc"
"4","heavy_listing_004_v01.jpg","4396200","9386433","HX300A","https://www.4396200.com/sub8_1_vvv.html?pid=9386433","https://www.4396200.com/upload/goods/goods_new/100101/2609/I1-1790579227082-kx9pj.jpg","100101","7,800만원","A+급","full","2026-10-02","126317","c90f76d9901ebe85a58bd56c22cea48615517f34bfe7568ceb846135eb739166"
"5","heavy_listing_005_v01.jpg","4396200","9279031","hx300특급","https://www.4396200.com/sub8_1_vvv.html?pid=9279031","https://www.4396200.com/upload/goods/goods_new/100101/2607/I1-1785222168940-5wl1e.jpg","100101","6,000만원","A+급","full","2026-10-02","92100","ab3cc500a8d10b055c6d76f784a0bb0e131fdc72fa7f72b4ef8b0bc215c8cbc1"
"6","heavy_listing_006_v01.jpg","4396200","9386015","R300LC","https://www.4396200.com/sub8_1_vvv.html?pid=9386015","https://www.4396200.com/upload/goods/goods_new/100101/2609/I1-1790568852773-kznfk.jpg","100101","4,200만원","A급","full","2026-10-02","89074","60bf027da6bb8bfbd7312ee0eac829004cafb795445b0c39db7040c68e367b73"
"7","heavy_listing_007_v01.jpg","4396200","9385645","ECR145숏붐","https://www.4396200.com/sub8_1_vvv.html?pid=9385645","https://www.4396200.com/upload/goods/goods_new/100102/2609/I1-1790561689270-9kp92.jpg","100102","2,750만원","A+급","full","2026-10-02","106344","1c26cd9d2052280acb16bf90e89d4f38916064e12f9c82a02df626d12ca2a7a1"
"8","heavy_listing_008_v01.jpeg","4396200","9385877","Dx140표준붐","https://www.4396200.com/sub8_1_vvv.html?pid=9385877","https://www.4396200.com/upload/goods/goods_new/100102/2609/I1-1790565379421-8gx5m.jpeg","100102","7,700만원","A급","full","2026-10-02","115185","55dc080f98887d107271f351c054f8aaac3642c728e7f18a5088294c46a19409"
"9","heavy_listing_009_v01.jpg","4396200","9327919","SK75코집회전","https://www.4396200.com/sub8_1_vvv.html?pid=9327919","https://www.4396200.com/upload/goods/goods_new/100102/2610/I1-1790845165815-e020x.jpg","100102","3,500만원","A+급","full","2026-10-02","114120","698e46a555a5793f33170135a42829c4ad0747cef2b131c7a3977c8372475f38"
"10","heavy_listing_010_v01.jpg","4396200","9388610","55MT코집특","https://www.4396200.com/sub8_1_vvv.html?pid=9388610","https://www.4396200.com/upload/goods/goods_new/100103/2609/I1-1790666400912-1zrpf.jpg","100103","2,750만원","A+급","full","2026-10-02","91492","a0c15eead33a5a4b8d1ce0d9639e25bdaed1a0ced74c92a876ca47f5fb2232d8"
"11","heavy_listing_011_v01.jpg","4396200","9392097","EC60E집게","https://www.4396200.com/sub8_1_vvv.html?pid=9392097","https://www.4396200.com/upload/goods/goods_new/100103/2610/I1-1790821698035-qxerg.jpg","100103","3,100만원","A+급","full","2026-10-02","95454","aee4e54715d67a5ec663cb748ae1f4ce7dcb84c18d9fdb27501ecd20339886f8"
"12","heavy_listing_012_v01.jpg","4396200","9390827","EC65F풀셋","https://www.4396200.com/sub8_1_vvv.html?pid=9390827","https://www.4396200.com/upload/goods/goods_new/100103/2610/I1-1790820147150-bncbw.jpg","100103","6,900만원","A+급","full","2026-10-02","92606","f0dd41c353a8f099b77327e28019b009f8ce92536a8a2fb16fdf30aaffc37106"
"13","heavy_listing_013_v01.jpg","4396200","9221322","U20","https://www.4396200.com/sub8_1_vvv.html?pid=9221322","https://www.4396200.com/upload/goods/goods_new/100104/2609/I1-1789625221070-f5q4p.jpg","100104","2,000만원","A+급","full","2026-10-02","130410","3e802984011b7a1bc7f469fef8d31908ffdd10f4a1aace47a78219694f9de04f"
"14","heavy_listing_014_v01.jpg","4396200","9307552","SK35코집","https://www.4396200.com/sub8_1_vvv.html?pid=9307552","https://www.4396200.com/upload/goods/goods_new/100104/2608/I1-1787879798476-jzetx.jpg","100104","2,100만원","A+급","full","2026-10-02","91674","f948a3cb41b181739ff55272ae6ed6bf42e30f95ca9af7f179d48fd0f169d72d"
"15","heavy_listing_015_v01.jpg","4396200","9391970","U20저비용","https://www.4396200.com/sub8_1_vvv.html?pid=9391970","https://www.4396200.com/upload/goods/goods_new/100104/2610/I1-1790819626344-43t0m.jpg","100104","1,800만원","A+급","full","2026-10-02","125157","0c1a38b37c76049b2bc14d370c32b31b95a77e01faac6809aecdeba9880abc7e"
"16","heavy_listing_016_v01.jpg","4396200","9319197","DX55W대쪽","https://www.4396200.com/sub8_1_vvv.html?pid=9319197","https://www.4396200.com/upload/goods/goods_new/100105/2608/I1-1787203157160-882zs.jpg","100105","6,700만원","A+급","full","2026-10-02","93788","d244bcc4f445f3260f6f0eeaa45ecaad7fc56550f4eb7c59f2dce19abfaa7207"
"17","heavy_listing_017_v01.jpg","4396200","9386487","160W독회링어","https://www.4396200.com/sub8_1_vvv.html?pid=9386487","https://www.4396200.com/upload/goods/goods_new/100105/2609/I1-1790580501040-rb7ze.jpg","100105","8,800만원","A+급","full","2026-10-02","90016","4abd2c43c65f454cc3178d0860d1563a6eef6dd33d446e54761ea4d4bbd27f6e"
"18","heavy_listing_018_v01.png","4396200","9392919","HW155회링집","https://www.4396200.com/sub8_1_vvv.html?pid=9392919","https://www.4396200.com/upload/goods/goods_new/100105/2610/I1-1790847025690-zw5q0.png","100105","14,700만원","A+급","full","2026-10-02","107631","dfff0a1b5ae516efd959a08506ce1f29c01d7e7cfba7c2f9b9b0a7c911fc8d6f"
"19","heavy_listing_019_v01.jpeg","4396200","9369590","08대바가지","https://www.4396200.com/sub8_1_vvv.html?pid=9369590","https://www.4396200.com/upload/goods/goods_new/100106/2609/I1-1789558549127-bwbp4.jpeg","100106","300만원","A+급","full","2026-10-02","147098","b1807e8b1b4c481e11d0edd048061213b0e20fba6543bbdc01c99c9be967c730"
"20","heavy_listing_020_v01.jpg","4396200","9381696","수산브레이커87","https://www.4396200.com/sub8_1_vvv.html?pid=9381696","https://www.4396200.com/upload/goods/goods_new/100106/2609/I1-1790683702474-kv488.jpg","100106","850만원","A+급","full","2026-10-02","107298","642d895822519961e3f633bd0f081c98b15feb9fcac71ef2d76b57f35dfbd548"
"21","heavy_listing_021_v01.jpeg","4396200","9382012","760IT","https://www.4396200.com/sub8_1_vvv.html?pid=9382012","https://www.4396200.com/upload/goods/goods_new/100106/2609/I1-1790209316022-9ljrb.jpeg","100106","3,200만원","A+급","full","2026-10-02","79415","ec5bb795aca34aee87620031d5978b260b652786477b42e8d152e36badb59385"
"22","heavy_listing_022_v01.jpg","4396200","4318801","중고공구리통","https://www.4396200.com/sub8_1_vvv.html?pid=4318801","https://www.4396200.com/upload/goods/goods_new/100107/2104/I1-1618609017194-9pbye.jpg","100107","150만원","A+급","full","2026-10-02","92166","e84f8b1798ed8dcd7cd2d89bd7b82831bd9ca92a6fea8942271d75ad072399d1"
"23","heavy_listing_023_v01.jpg","4396200","9385141","R500특A","https://www.4396200.com/sub8_1_vvv.html?pid=9385141","https://www.4396200.com/upload/goods/goods_new/101100/2609/I1-1790555992295-gxt7g.jpg","101100","9,400만원","A+급","full","2026-10-02","66756","137a888f31059b8f6d48f784ef38107c0a6921a77a8c545a01bb2e1ff254b9e7"
"24","heavy_listing_024_v01.jpg","4396200","9380552","3대460FM","https://www.4396200.com/sub8_1_vvv.html?pid=9380552","https://www.4396200.com/upload/goods/goods_new/101100/2609/I1-1790125987758-pbtp3.jpg","101100","4,600만원","A+급","full","2026-10-02","91525","91ad737a72bb899360dd4006c6c7afdb94984b84949449db506e0248e21ac824"
"25","heavy_listing_025_v01.jpg","4396200","9315523","440영업용","https://www.4396200.com/sub8_1_vvv.html?pid=9315523","https://www.4396200.com/upload/goods/goods_new/101100/2608/I1-1787048744718-3r1re.jpg","101100","3,500만원","A+급","full","2026-10-02","84908","2570a1418ab62666930c5044080545ce548112280bcd03a390156354e7c76965"
"26","heavy_listing_026_v01.jpeg","4396200","9283323","파워텍380","https://www.4396200.com/sub8_1_vvv.html?pid=9283323","https://www.4396200.com/upload/goods/goods_new/101101/2607/I1-1785408624414-3p076.jpeg","101101","2,000만원","A급","full","2026-10-02","80741","607f8261ccc100a6b1207e423100677e4fa7c4489408db2a4c7d1cff97a96679"
"27","heavy_listing_027_v01.jpg","4396200","9344020","프리마.410","https://www.4396200.com/sub8_1_vvv.html?pid=9344020","https://www.4396200.com/upload/goods/goods_new/101101/2609/I1-1788380032109-w0ag1.jpg","101101","5,200만원","A+급","full","2026-10-02","102747","ac13d898eb088a5d8c10977660db2bdc5d712b7d56bbd55e243ba53899a7a0bc"
"28","heavy_listing_028_v01.jpg","4396200","9392422","파워자가용제설무","https://www.4396200.com/sub8_1_vvv.html?pid=9392422","https://www.4396200.com/upload/goods/goods_new/101101/2610/I1-1790832827455-6859u.jpg","101101","8,200만원","A+급","full","2026-10-02","88057","1335d8d19b0af58d5414cff80e40acf122e94fe5bacd57cd7fc431118c4acf26"
"29","heavy_listing_029_v01.jpg","4396200","9187757","메가저상롱덤프","https://www.4396200.com/sub8_1_vvv.html?pid=9187757","https://www.4396200.com/upload/goods/goods_new/101102/2606/I1-1780738825772-e6mg4.jpg","101102","5,200만원","A+급","full","2026-10-02","60849","62f65a77b3419b1e395a0d745e0570c5b2c38b92fef431a39fd98d2dafc18847"
"30","heavy_listing_030_v01.jpg","4396200","9391298","5M10저상덤프","https://www.4396200.com/sub8_1_vvv.html?pid=9391298","https://www.4396200.com/upload/goods/goods_new/101102/2610/I1-1790810166208-f00e8.jpg","101102","5,100만원","A+급","full","2026-10-02","65813","220a3309d16e358257fcacffbe5aed23c8e6f68233b0cb973d1062e464b8e46d"
