코드,제조사,영문명,파일명,출처,등급,원본크기,상태,비고
BKM001,혼다,Honda,BKM001_Honda.png,Honda 공식(global.honda),A,379x305,OK,윙 마크(모터사이클 로고)
BKM002,야마하,Yamaha,BKM002_Yamaha.png,Wikipedia/Commons: Yamaha Motor 2025.svg,A,960x197,OK,2025 로고
BKM003,BMW,BMW Motorrad,BKM003_BMW_Motorrad.png,Wikipedia/Commons: Logo BMW Motorrad 2021.svg,A,960x205,OK,2021 BMW Motorrad
BKM004,스즈키,Suzuki,BKM004_Suzuki.png,Wikipedia/Commons: Suzuki logo 2025 (vertical).svg,A,960x644,OK,2025 로고(세로형)
BKM005,할리데이비슨,Harley-Davidson,BKM005_Harley_Davidson.png,Wikipedia/Commons: Harley Davidson orange logo.svg,A,960x745,OK,
BKM006,가와사키,Kawasaki,BKM006_Kawasaki.png,Wikipedia/Commons: Kawasaki Motors logo.svg,A,960x152,OK,Kawasaki Motors 워드마크
BKM007,SYM,SYM,BKM007_SYM.png,https://www.sym-global.com/storage/system/logo/logo.svg,A,SVG,OK,공식 글로벌 사이트 현재 벡터 로고로 교체
BKM008,베스파,Vespa,BKM008_Vespa.png,https://www.piaggiogroup.com/sites/default/files/images/vespa_black.png,A,562x194,OK,Piaggio Group 공식 미디어 갤러리 현재 로고로 교체
BKM009,로얄엔필드,Royal Enfield,BKM009_Royal_Enfield.png,Wikipedia/Commons: Royal Enfield logo new.svg,A,960x129,OK,신 로고
BKM010,두카티,Ducati,BKM010_Ducati.png,Wikipedia/Commons: Ducati red logo.svg,A,960x1019,OK,
BKM011,AJS,AJS,BKM011_AJS.png,https://www.ajsmotorcycles.co.uk/,A,2362x2362,OK,AJS 공식 사이트 현재 원본으로 교체
BKM012,CF모토,CFMOTO,BKM012_CFMOTO.png,Wikipedia/Commons: CFMOTO Logo.svg,A,960x190,OK,
BKM015,KR모터스(효성),KR Motors,BKM015_KR_Motors.png,https://www.krmotors.com/theme/basic/img/logo.png,C,158x22,확인,현재 KR모터스 공식 로고 확인 · 흰색 원본을 #222222로 변환 · 고해상도 원본은 추가 확보 필요
BKM016,KTM,KTM,BKM016_KTM.png,Wikipedia/Commons: KTM-Logo.svg,A,960x377,OK,
BKM018,MBK모터스,MBK,,,,,없음,공식 사이트 폐쇄·현재 운영 여부 불명확 — 옛 로고 사용 보류
BKM019,MV아구스타,MV Agusta,BKM019_MV_Agusta.png,Wikipedia/Commons: MV Agusta Logo.svg,A,960x640,OK,
BKM020,QJ모터,QJMOTOR,BKM020_QJMOTOR.png,Wikipedia/Commons: Qianjiang Motorcycle logo.png,B,500x150,확인,QJMOTOR 워드마크
BKM021,SSR모터스포츠,SSR Motorsports,BKM021_SSR_Motorsports.png,https://www.ssrmotorsports.com/store/pictures/SSR-Logo.gif,C,150x46,확인,공식 현재 로고이나 고해상도 원본을 찾지 못해 기존 파일 유지
BKM024,UM모터스,UM Motorcycles,BKM024_UM_Motorcycles.png,UM 공식,A,2161x588,OK,
BKM026,고고로,Gogoro,BKM026_Gogoro.png,Wikipedia/Commons: Gogoro.svg,A,960x269,OK,
BKM027,니우,NIU,BKM027_NIU.png,Wikipedia/Commons: Niu Technologies Logo.png,A,960x301,OK,
BKM028,대동모빌리티,Daedong Mobility,BKM028_Daedong_Mobility.png,Wikipedia/Commons: Daedong logo.jpg,B,960x727,확인,🟡 대동(모회사) 로고 — 대동모빌리티 별도 로고 확인
BKM029,디앤에이모터스(대림),DNA Motors,BKM029_DNA_Motors.png,DNA모터스 공식,B,201x71,확인,흰색 원본 → 진회색 변환
BKM030,람브레타,Lambretta,BKM030_Lambretta.png,Wikipedia/Commons: Lambretta logo.png,A,798x125,OK,
BKM031,로얄알로이,Royal Alloy,BKM031_Royal_Alloy.png,https://royalalloy.com/wp-content/uploads/2024/01/logo-reversed-copy-134x133-1.jpg,C,134x133,확인,공식 사이트 원본도 저해상도라 기존 파일 유지 · 고해상도 원본 필요
BKM035,모토구찌,Moto Guzzi,BKM035_Moto_Guzzi.png,https://www.piaggiogroup.com/sites/default/files/images/Moto%20Guzzi.jpg,A,600x167,OK,Piaggio Group 공식 미디어 갤러리 현재 로고로 교체 · 흰 배경 제거
BKM037,몬디알,FB Mondial,BKM037_FB_Mondial.png,FB Mondial 공식,B,2946x1862,확인,흰색 원본 → 진회색 변환
BKM038,바이드코리아,VIDE Korea,,,,,없음,공식 브랜드 표기와 제조사 실체가 판매처 정보만으로 확정되지 않아 보류
BKM039,베넬리,Benelli,BKM039_Benelli.png,https://www.benelli.com/,A,SVG,OK,공식 사이트 헤더의 현재 인라인 SVG로 교체
BKM042,벤다,Benda,BKM042_Benda.png,Benda 공식,B,1200x293,확인,흰색 원본 → 진회색 변환
BKM043,보그,VOGE,BKM043_VOGE.png,https://www.vogeglobal.com/wp-content/uploads/2024/09/voge.png,A,362x405,OK,공식 글로벌 사이트 현재 로고
BKM044,부캐너,Buccaneer,,,,,없음,독립 제조사인지 모델명인지 공식 근거가 불명확해 보류
BKM046,브릭스톤,Brixton,BKM046_Brixton.png,Wikipedia/Commons: Brixton motorcycles logo.png,A,960x623,OK,
BKM047,블루샤크,Blueshark,BKM047_Blueshark.png,https://www.blueshark.com/static/img/sk/logo-blue.png,B,418x75,OK,현재 공식 사이트 로고
BKM049,빅토리,Victory,BKM049_Victory.png,Wikipedia/Commons: The_company_logo_for_Victory_Motorcycles.png,B,500x269,확인,단종 브랜드(2017) 마지막 로고
BKM050,빅토리아,Victoria Motorrad,BKM050_Victoria_Motorrad.png,https://www.victoriamotor.com/static/images/logo.png,A,2000x742,OK,현재 Victoria Motorrad 공식 로고 · 옛 동독 Victoria 로고 아님
BKM051,슈퍼쏘코,Super Soco,BKM051_Super_Soco.png,Wikipedia/Commons: SUPER SOCO logo.png,A,294x103,OK,
BKM052,스코마디,Scomadi,BKM052_Scomadi.png,https://scomadi.com/wp-content/uploads/2025/01/ScomadiLogo.png,A,1165x1477,OK,공식 사이트 현재 방패형 로고
BKM055,아프릴리아,Aprilia,BKM055_Aprilia.png,Wikipedia/Commons: Aprilia-logo.svg,A,960x480,OK,
BKM056,에릭,EBR / Erik Buell,BKM056_EBR_Erik_Buell.png,Wikipedia/Commons: Erik Buell Racing logo.JPG,C,181x136,확인,단종 브랜드로 현재 공식 고해상도 원본 확인 불가 · 기존 파일 유지
BKM057,엘로이모터스,Eloi Motors,,,,,없음,공식 도메인 접속 불가·현재 로고 확인 불가
BKM058,와코모터스,Wako Motors,,,,,없음,공식 사이트와 현재 브랜드 로고를 특정하지 못해 보류
BKM059,우랄,Ural,BKM059_Ural.png,Ural 공식,B,562x244,확인,흰색 원본 → 진회색 변환
BKM061,이지베이션,Easyvation,,,,,없음,공식 사이트와 현재 브랜드 로고를 특정하지 못해 보류
BKM062,이쿠터,Ecooter,,,,,없음,공식 사이트는 확인했으나 로고 원본 자산을 확정하지 못해 보류
BKM063,이탈젯,Italjet,BKM063_Italjet.png,Italjet 공식,A,2560x1000,OK,
BKM064,인디언모터사이클,Indian Motorcycle,BKM064_Indian_Motorcycle.png,Wikipedia/Commons: Indian Motorcycle logo.svg,A,960x351,OK,
BKM066,젠트로피,Zentropy,,,,,없음,공식 사이트는 확인했으나 현재 로고 원본 자산을 확보하지 못해 보류
BKM067,존테스,Zontes,BKM067_Zontes.png,https://www.zontes.com/App_Themes/ZontesSkin/images/ZontesLogo.png,C,209x85,확인,공식 현재 로고 확보 · 고해상도 원본은 추가 확보 필요
BKM068,질레라,Gilera,BKM068_Gilera.png,Wikipedia/Commons: Gilera logo.svg,A,960x1411,OK,
BKM069,착한스쿠터,Chakhan Scooter,,,,,없음,제조사보다 판매점 명칭으로 보여 공식 브랜드 로고 사용 보류
BKM070,카요,Kayo,BKM070_Kayo.png,Kayo 공식,C,136x58,확인,🟡 136px 저해상도
BKM071,캔암,Can-Am,BKM071_Can_Am.png,Wikipedia/Commons: Can-Am Off-Road logo.png,A,870x114,OK,Can-Am 워드마크
BKM072,케이앤씨모터스,K&C Motors,,,,,없음,동명 자동차 업체와 혼동 위험이 있어 공식 바이크 브랜드 근거 확인 전 보류
BKM073,쿠팝,Coopop,BKM073_Coopop.png,https://coopop.bike/cdn/shop/files/LOGO-COOPOP_Schwarz_wide_png.webp?v=1750151784,B,350x100,OK,공식 글로벌 사이트 현재 검정 워드마크
BKM074,키웨이,Keeway,BKM074_Keeway.png,Wikipedia/Commons: Keeway logo.svg,A,960x180,OK,
BKM076,킴코,KYMCO,BKM076_KYMCO.png,Wikipedia/Commons: KYMCO logo.svg,B,960x265,확인,한자 줄 잘라냄
BKM078,트라이엄프,Triumph,BKM078_Triumph.png,Wikipedia/Commons: Logo Triumph.svg,B,960x264,OK,Triumph 공식 로고 역사 페이지와 대조해 현재 워드마크 확인
BKM079,폴라리스,Polaris,BKM079_Polaris.png,Wikipedia/Commons: Polaris Industries logo.svg,A,960x150,OK,
BKM080,푸조,Peugeot Motocycles,BKM080_Peugeot_Motocycles.png,오토홈,C,100x100,확인,🟡 100px 저해상도
BKM082,피아지오,Piaggio,BKM082_Piaggio.png,Wikipedia/Commons: Piaggio-logo.svg,A,960x1065,OK,
BKM083,하우주,Haojue,BKM083_Haojue.png,Wikipedia/Commons: Haojue Holdings logo.svg,A,960x960,OK,
BKM084,한솜모터스,Hansom Motors,BKM084_Hansom_Motors.png,https://taeyeon.co.kr/wp-content/themes/pibs_theme/images/main/logo.png,C,297x37,확인,한솜모터스 공식 사이트가 사용하는 현재 로고 · 고해상도 원본은 추가 확보 필요
BKM085,허스크바나,Husqvarna,BKM085_Husqvarna.png,Wikipedia/Commons: Husqvarna logo ArtWW.svg,A,960x1146,OK,
BKM086,기타 제조사,,BKM086_Others.png,클로드 마스터 자체 제작(중립 아이콘),A,,OK,기타 공통 아이콘(승용 기타와 같음)
