구역,정렬,화면 이름(라이트바겐 표기),v2 코드,v2 이름,매물(5/27),비고
국산,1,KR모터스,BKM015,KR모터스(효성),283,"효성, S&T모터스"
국산,2,대림,BKM029,디앤에이모터스(대림),182,라이트바겐 표기대로 분리(옛 대림 모델)
국산,3,한솜모터스,BKM084,한솜모터스,69,
국산,4,착한스쿠터,BKM069,착한스쿠터,66,
국산,5,디앤에이모터스,BKM029,디앤에이모터스(대림),48,라이트바겐 표기대로 분리(현재 디앤에이 모델)
국산,6,엘로이모터스,BKM057,엘로이모터스,32,
국산,7,케이앤씨모터스,BKM072,케이앤씨모터스,32,
국산,8,이쿠터,BKM062,이쿠터,2,
국산,9,부캐너,BKM044,부캐너,2,
국산,10,젠트로피,BKM066,젠트로피,2,
국산,11,와코모터스,BKM058,와코모터스,1,
국산,12,이지베이션,BKM061,이지베이션,1,
국산,13,대동모빌리티,BKM028,대동모빌리티,1,
국산,14,쿠팝,BKM073,쿠팝,1,
수입 인기,15,혼다,BKM001,혼다,3850,
수입 인기,16,야마하,BKM002,야마하,2484,
수입 인기,17,BMW,BKM003,BMW,1410,
수입 인기,18,스즈키,BKM004,스즈키,925,
수입 인기,19,할리데이비슨,BKM005,할리데이비슨,917,
수입 인기,20,가와사키,BKM006,가와사키,616,
수입 인기,21,SYM,BKM007,SYM,402,
수입 인기,22,베스파,BKM008,베스파,392,
수입 인기,23,로얄엔필드,BKM009,로얄엔필드,358,
수입 인기,24,두카티,BKM010,두카티,347,
수입 가나다,25,고고로,BKM026,고고로,1,
수입 가나다,26,니우,BKM027,니우,9,
수입 가나다,27,람브레타,BKM030,람브레타,15,
수입 가나다,28,로얄알로이,BKM031,로얄알로이,7,
수입 가나다,29,모토구찌,BKM035,모토구찌,21,
수입 가나다,30,몬디알,BKM037,몬디알,86,
수입 가나다,31,바이드코리아,BKM038,바이드코리아,0,🟡 라이트바겐에 없음
수입 가나다,32,베넬리,BKM039,베넬리,129,
수입 가나다,33,벤다,BKM042,벤다,5,
수입 가나다,34,보그,BKM043,보그,24,
수입 가나다,35,브릭스톤,BKM046,브릭스톤,27,
수입 가나다,36,블루샤크,BKM047,블루샤크,5,
수입 가나다,37,빅토리,BKM049,빅토리,6,
수입 가나다,38,빅토리아,BKM050,빅토리아,40,
수입 가나다,39,슈퍼쏘코,BKM051,슈퍼쏘코,28,
수입 가나다,40,스코마디,BKM052,스코마디,1,
수입 가나다,41,CF모토,BKM012,CF모토,77,한글 읽기 정렬: 씨에프모토
수입 가나다,42,아프릴리아,BKM055,아프릴리아,60,
수입 가나다,43,에릭,BKM056,에릭,2,
수입 가나다,44,SSR모터스포츠,BKM021,SSR모터스포츠,103,한글 읽기 정렬: 에스에스알모터스포츠
수입 가나다,45,AJS,BKM011,AJS,15,한글 읽기 정렬: 에이제이에스
수입 가나다,46,MV아구스타,BKM019,MV아구스타,30,한글 읽기 정렬: 엠브이아구스타
수입 가나다,47,MBK 모터스,BKM018,MBK모터스,4,한글 읽기 정렬: 엠비케이 모터스
수입 가나다,48,우랄,BKM059,우랄,1,
수입 가나다,49,UM모터스,BKM024,UM모터스,4,한글 읽기 정렬: 유엠모터스
수입 가나다,50,이탈젯,BKM063,이탈젯,50,
수입 가나다,51,인디언모터사이클,BKM064,인디언모터사이클,82,
수입 가나다,52,존테스,BKM067,존테스,167,
수입 가나다,53,질레라,BKM068,질레라,3,
수입 가나다,54,카요,BKM070,카요,0,
수입 가나다,55,캔암,BKM071,캔암,7,
수입 가나다,56,KTM,BKM016,KTM,163,한글 읽기 정렬: 케이티엠
수입 가나다,57,QJ 모터,BKM020,QJ모터,4,한글 읽기 정렬: 큐제이 모터
수입 가나다,58,키웨이,BKM074,키웨이,10,
수입 가나다,59,킴코,BKM076,킴코,123,
수입 가나다,60,트라이엄프,BKM078,트라이엄프,173,
수입 가나다,61,폴라리스,BKM079,폴라리스,0,🟡 라이트바겐에 없음
수입 가나다,62,푸조,BKM080,푸조,29,
수입 가나다,63,피아지오,BKM082,피아지오,47,
수입 가나다,64,하우주,BKM083,하우주,52,
수입 가나다,65,허스크바나,BKM085,허스크바나,201,
기타,66,기타,BKM086,기타 제조사,114,
