id,group,display_name,name_full,file_master,file_web,prompt,ref_image,generator,created,reviewer,qa_result,version
truck_type_cargo,truck_type_depth1,카고(화물)트럭,카고(화물)트럭,truck_qf_images_v01/master_png/truck_type_cargo_v01.png,truck_qf_images_v01/web_webp/truck_type_cargo_v01_192.webp,"Professional studio product photograph of a generic 3.5-ton cab-over cargo truck with a low-sided flatbed, front three-quarter view angled about 30 degrees from pure side profile, the front pointing toward the LEFT edge of the frame, camera at cab-door height, 70mm lens look with no distortion, wheels straight ahead, all doors and hatches closed, empty with no cargo, entire truck fully visible and centered with wide empty margins on all sides, seamless pure white #FFFFFF background, one soft natural contact shadow directly beneath the tires, soft even diffused softbox lighting, no harsh reflections, white cab, black chassis and black tires, silver aluminum side panels, no logos, no badges, no emblems, no company decals, blank license plate, no people, no text, no watermark, sharp focus, high-end commercial vehicle catalog retouching, color-corrected",,codex image_gen,2026-10-03T19:43:09.329949+00:00,codex,PASS,v01
truck_type_wingbody,truck_type_depth1,윙바디·탑차,윙바디·탑차,truck_qf_images_v01/master_png/truck_type_wingbody_v01.png,truck_qf_images_v01/web_webp/truck_type_wingbody_v01_192.webp,"Professional studio product photograph of a generic 5-ton cab-over wing-body truck with both gull-wing side panels closed and the top hinge line visible, front three-quarter view angled about 30 degrees from pure side profile, the front pointing toward the LEFT edge of the frame, camera at cab-door height, 70mm lens look with no distortion, wheels straight ahead, all doors and hatches closed, empty with no cargo, entire truck fully visible and centered with wide empty margins on all sides, seamless pure white #FFFFFF background, one soft natural contact shadow directly beneath the tires, soft even diffused softbox lighting, no harsh reflections, white cab, black chassis and black tires, silver aluminum box, no logos, no badges, no emblems, no company decals, blank license plate, no people, no text, no watermark, sharp focus, high-end commercial vehicle catalog retouching, color-corrected",,codex image_gen,2026-10-03T19:43:09.329949+00:00,codex,PASS,v01
truck_type_reefer,truck_type_depth1,냉장·냉동차,냉장·냉동차,truck_qf_images_v01/master_png/truck_type_reefer_v01.png,truck_qf_images_v01/web_webp/truck_type_reefer_v01_192.webp,"Professional studio product photograph of a generic 3.5-ton cab-over refrigerated box truck with a refrigeration unit mounted above the cab, front three-quarter view angled about 30 degrees from pure side profile, the front pointing toward the LEFT edge of the frame, camera at cab-door height, 70mm lens look with no distortion, wheels straight ahead, all doors and hatches closed, empty with no cargo, entire truck fully visible and centered with wide empty margins on all sides, seamless pure white #FFFFFF background, one soft natural contact shadow directly beneath the tires, soft even diffused softbox lighting, no harsh reflections, white cab, black chassis and black tires, smooth white insulated box, no logos, no badges, no emblems, no company decals, blank license plate, no people, no text, no watermark, sharp focus, high-end commercial vehicle catalog retouching, color-corrected",,codex image_gen,2026-10-03T19:43:09.329949+00:00,codex,PASS,v01
truck_type_dump,truck_type_depth1,덤프·믹서,덤프·믹서,truck_qf_images_v01/master_png/truck_type_dump_v01.png,truck_qf_images_v01/web_webp/truck_type_dump_v01_192.webp,"Professional studio product photograph of a generic 15-ton three-axle dump truck with the dump bed lowered, front three-quarter view angled about 30 degrees from pure side profile, the front pointing toward the LEFT edge of the frame, camera at cab-door height, 70mm lens look with no distortion, wheels straight ahead, all doors and hatches closed, empty with no cargo, entire truck fully visible and centered with wide empty margins on all sides, seamless pure white #FFFFFF background, one soft natural contact shadow directly beneath the tires, soft even diffused softbox lighting, no harsh reflections, white cab, black chassis and black tires, grey steel dump bed, no logos, no badges, no emblems, no company decals, blank license plate, no people, no text, no watermark, sharp focus, high-end commercial vehicle catalog retouching, color-corrected",,codex image_gen,2026-10-03T19:43:09.329949+00:00,codex,PASS,v01
truck_type_crane,truck_type_depth1,크레인·고소작업차,크레인·고소작업차,truck_qf_images_v01/master_png/truck_type_crane_v01.png,truck_qf_images_v01/web_webp/truck_type_crane_v01_192.webp,"Professional studio product photograph of a generic 5-ton cargo truck with a knuckle-boom loader crane behind the cab, boom fully folded and stowed, front three-quarter view angled about 30 degrees from pure side profile, the front pointing toward the LEFT edge of the frame, camera at cab-door height, 70mm lens look with no distortion, wheels straight ahead, all doors and hatches closed, empty with no cargo, entire truck fully visible and centered with wide empty margins on all sides, seamless pure white #FFFFFF background, one soft natural contact shadow directly beneath the tires, soft even diffused softbox lighting, no harsh reflections, white cab, black chassis and black tires, silver flatbed, grey crane, no logos, no badges, no emblems, no company decals, blank license plate, no people, no text, no watermark, sharp focus, high-end commercial vehicle catalog retouching, color-corrected",,codex image_gen,2026-10-03T19:43:09.329949+00:00,codex,PASS,v01
truck_type_tank,truck_type_depth1,탱크로리,탱크로리,truck_qf_images_v01/master_png/truck_type_tank_v01.png,truck_qf_images_v01/web_webp/truck_type_tank_v01_192.webp,"Professional studio product photograph of a generic three-axle fuel tanker truck with a cylindrical tank and top hatches, front three-quarter view angled about 30 degrees from pure side profile, the front pointing toward the LEFT edge of the frame, camera at cab-door height, 70mm lens look with no distortion, wheels straight ahead, all doors and hatches closed, empty with no cargo, entire truck fully visible and centered with wide empty margins on all sides, seamless pure white #FFFFFF background, one soft natural contact shadow directly beneath the tires, soft even diffused softbox lighting, no harsh reflections, white cab, black chassis and black tires, polished stainless steel tank, no logos, no badges, no emblems, no company decals, blank license plate, no people, no text, no watermark, sharp focus, high-end commercial vehicle catalog retouching, color-corrected",,codex image_gen,2026-10-03T19:43:09.329949+00:00,codex,PASS,v01
truck_type_env,truck_type_depth1,환경·폐기물차,환경·폐기물차,truck_qf_images_v01/master_png/truck_type_env_v01.png,truck_qf_images_v01/web_webp/truck_type_env_v01_192.webp,"Professional studio product photograph of a generic 5-ton rear-loader compactor garbage truck, front three-quarter view angled about 30 degrees from pure side profile, the front pointing toward the LEFT edge of the frame, camera at cab-door height, 70mm lens look with no distortion, wheels straight ahead, all doors and hatches closed, empty with no cargo, entire truck fully visible and centered with wide empty margins on all sides, seamless pure white #FFFFFF background, one soft natural contact shadow directly beneath the tires, soft even diffused softbox lighting, no harsh reflections, white cab, black chassis and black tires, clean white compactor body, no logos, no badges, no emblems, no company decals, blank license plate, no people, no text, no watermark, sharp focus, high-end commercial vehicle catalog retouching, color-corrected",,codex image_gen,2026-10-03T19:43:09.329949+00:00,codex,PASS,v01
truck_type_tow,truck_type_depth1,견인·운송차,견인·운송차,truck_qf_images_v01/master_png/truck_type_tow_v01.png,truck_qf_images_v01/web_webp/truck_type_tow_v01_192.webp,"Professional studio product photograph of a generic car-carrier self-loader tow truck with a flat tilting deck in the level position, no vehicle loaded, front three-quarter view angled about 30 degrees from pure side profile, the front pointing toward the LEFT edge of the frame, camera at cab-door height, 70mm lens look with no distortion, wheels straight ahead, all doors and hatches closed, empty with no cargo, entire truck fully visible and centered with wide empty margins on all sides, seamless pure white #FFFFFF background, one soft natural contact shadow directly beneath the tires, soft even diffused softbox lighting, no harsh reflections, white cab, black chassis and black tires, grey steel deck, no logos, no badges, no emblems, no company decals, blank license plate, no people, no text, no watermark, sharp focus, high-end commercial vehicle catalog retouching, color-corrected",,codex image_gen,2026-10-03T19:43:09.329949+00:00,codex,PASS,v01
truck_type_tractor,truck_type_depth1,트랙터 헤드,트랙터 헤드,truck_qf_images_v01/master_png/truck_type_tractor_v01.png,truck_qf_images_v01/web_webp/truck_type_tractor_v01_192.webp,"Professional studio product photograph of a generic heavy-duty semi-truck tractor head alone with no trailer, fifth-wheel coupling visible, front three-quarter view angled about 30 degrees from pure side profile, the front pointing toward the LEFT edge of the frame, camera at cab-door height, 70mm lens look with no distortion, wheels straight ahead, all doors and hatches closed, empty with no cargo, entire truck fully visible and centered with wide empty margins on all sides, seamless pure white #FFFFFF background, one soft natural contact shadow directly beneath the tires, soft even diffused softbox lighting, no harsh reflections, white cab, black chassis and black tires, white cab, no logos, no badges, no emblems, no company decals, blank license plate, no people, no text, no watermark, sharp focus, high-end commercial vehicle catalog retouching, color-corrected",,codex image_gen,2026-10-03T19:43:09.329949+00:00,codex,PASS,v01
truck_type_trailer,truck_type_depth1,트레일러,트레일러,truck_qf_images_v01/master_png/truck_type_trailer_v01.png,truck_qf_images_v01/web_webp/truck_type_trailer_v01_192.webp,"Professional studio product photograph of a standalone empty three-axle container chassis semi-trailer with landing gear lowered, no tractor, front three-quarter view angled about 30 degrees from pure side profile, the front pointing toward the LEFT edge of the frame, camera at cab-door height, 70mm lens look with no distortion, wheels straight ahead, all doors and hatches closed, empty with no cargo, entire truck fully visible and centered with wide empty margins on all sides, seamless pure white #FFFFFF background, one soft natural contact shadow directly beneath the tires, soft even diffused softbox lighting, no harsh reflections, white cab, black chassis and black tires, black steel frame, no logos, no badges, no emblems, no company decals, blank license plate, no people, no text, no watermark, sharp focus, high-end commercial vehicle catalog retouching, color-corrected",,codex image_gen,2026-10-03T19:43:09.329949+00:00,codex,FAIL_Q2_REGEN_LIMIT,v01
truck_type_special,truck_type_depth1,특수차,특수차,truck_qf_images_v01/master_png/truck_type_special_v01.png,truck_qf_images_v01/web_webp/truck_type_special_v01_192.webp,"Professional studio product photograph of a generic 5-ton live-fish transport truck with an insulated water tank body and oxygen equipment, front three-quarter view angled about 30 degrees from pure side profile, the front pointing toward the LEFT edge of the frame, camera at cab-door height, 70mm lens look with no distortion, wheels straight ahead, all doors and hatches closed, empty with no cargo, entire truck fully visible and centered with wide empty margins on all sides, seamless pure white #FFFFFF background, one soft natural contact shadow directly beneath the tires, soft even diffused softbox lighting, no harsh reflections, white cab, black chassis and black tires, white tank body, no logos, no badges, no emblems, no company decals, blank license plate, no people, no text, no watermark, sharp focus, high-end commercial vehicle catalog retouching, color-corrected",,codex image_gen,2026-10-03T19:43:09.329949+00:00,codex,PASS,v01
truck_type_bus,truck_type_depth1,버스,버스,truck_qf_images_v01/master_png/truck_type_bus_v01.png,truck_qf_images_v01/web_webp/truck_type_bus_v01_192.webp,"Professional studio product photograph of a generic 25-seat mid-size bus, front three-quarter view angled about 30 degrees from pure side profile, the front pointing toward the LEFT edge of the frame, camera at cab-door height, 70mm lens look with no distortion, wheels straight ahead, all doors and hatches closed, empty with no cargo, entire truck fully visible and centered with wide empty margins on all sides, seamless pure white #FFFFFF background, one soft natural contact shadow directly beneath the tires, soft even diffused softbox lighting, no harsh reflections, white cab, black chassis and black tires, white body, grey window frames, no logos, no badges, no emblems, no company decals, blank license plate, no people, no text, no watermark, sharp focus, high-end commercial vehicle catalog retouching, color-corrected",,codex image_gen,2026-10-03T19:43:09.329949+00:00,codex,PASS,v01
truck_type_camper,truck_type_depth1,캠핑카·카라반,캠핑카·카라반,truck_qf_images_v01/master_png/truck_type_camper_v01.png,truck_qf_images_v01/web_webp/truck_type_camper_v01_192.webp,"Professional studio product photograph of a generic Class C motorhome with a cab-over sleeping area on a van chassis, front three-quarter view angled about 30 degrees from pure side profile, the front pointing toward the LEFT edge of the frame, camera at cab-door height, 70mm lens look with no distortion, wheels straight ahead, all doors and hatches closed, empty with no cargo, entire truck fully visible and centered with wide empty margins on all sides, seamless pure white #FFFFFF background, one soft natural contact shadow directly beneath the tires, soft even diffused softbox lighting, no harsh reflections, white cab, black chassis and black tires, white body with plain grey stripes, no logos, no badges, no emblems, no company decals, blank license plate, no people, no text, no watermark, sharp focus, high-end commercial vehicle catalog retouching, color-corrected",,codex image_gen,2026-10-03T19:43:09.329949+00:00,codex,PASS,v01
truck_type_etc,truck_type_depth1,기타 화물차,기타 화물차,truck_qf_images_v01/master_png/truck_type_etc_v01.png,truck_qf_images_v01/web_webp/truck_type_etc_v01_192.webp,"Professional studio product photograph of a generic 1-ton semi-bonnet small truck with a short box body, front three-quarter view angled about 30 degrees from pure side profile, the front pointing toward the LEFT edge of the frame, camera at cab-door height, 70mm lens look with no distortion, wheels straight ahead, all doors and hatches closed, empty with no cargo, entire truck fully visible and centered with wide empty margins on all sides, seamless pure white #FFFFFF background, one soft natural contact shadow directly beneath the tires, soft even diffused softbox lighting, no harsh reflections, white cab, black chassis and black tires, silver aluminum box, no logos, no badges, no emblems, no company decals, blank license plate, no people, no text, no watermark, sharp focus, high-end commercial vehicle catalog retouching, color-corrected",,codex image_gen,2026-10-03T19:43:09.329949+00:00,codex,PASS,v01
