maker,maker_id,model,sub_model_value,sub_model_label,code,rel_year,catalog_count,image,image_url,our_image
"벤츠","21","C클래스","1197","C클래스","W206","22년~현재","13","model_2711.","https://file4.bobaedream.co.kr/car_model_img/model_2711.","당근 이미지로 채움"
"벤츠","21","E클래스","360","E클래스","W214","24년~현재","32","model_2822.","https://file4.bobaedream.co.kr/car_model_img/model_2822.","없음(점선 빈 칸)"
"벤츠","21","CLE클래스","2004","CLE클래스","C236","24년~현재","17","model_2827.","https://file4.bobaedream.co.kr/car_model_img/model_2827.","없음(점선 빈 칸)"
"벤츠","21","마이바흐 S클래스","558","마이바흐","W222","15년~20년","53","model_644.","https://file4.bobaedream.co.kr/car_model_img/model_644.","없음(점선 빈 칸)"
"벤츠","21","마이바흐 SL클래스","2098","마이바흐 SL클래스","R232","","0","","","없음(점선 빈 칸)"
"벤츠","21","AMG GT","2076","AMG GT","C192","25년~현재","2","","","당근 이미지로 채움"
"벤츠","21","V클래스","1273","V클래스","W447","14년~현재","27","model_1715.","https://file4.bobaedream.co.kr/car_model_img/model_1715.","없음(점선 빈 칸)"
"벤츠","21","V클래스","10","V클래스","W639","03~14년","0","model_655.","https://file4.bobaedream.co.kr/car_model_img/model_655.","없음(점선 빈 칸)"
"벤츠","21","EQB","1602","EQB","X243","22년~현재","3","model_2730.","https://file4.bobaedream.co.kr/car_model_img/model_2730.","당근 이미지로 채움"
"벤츠","21","EQE","729","EQE","","22년~현재","4","model_2750.","https://file4.bobaedream.co.kr/car_model_img/model_2750.","없음(점선 빈 칸)"
"벤츠","21","EQE SUV","1970","EQE","X294","23년~현재","12","model_2793.","https://file4.bobaedream.co.kr/car_model_img/model_2793.","없음(점선 빈 칸)"
"벤츠","21","EQS SUV","70","EQS","X296","23년~현재","7","model_2766.","https://file4.bobaedream.co.kr/car_model_img/model_2766.","없음(점선 빈 칸)"
"벤츠","21","마이바흐 EQS SUV","2025","마이바흐 EQS","X296","24년~현재","4","model_2854.","https://file4.bobaedream.co.kr/car_model_img/model_2854.","없음(점선 빈 칸)"
"벤츠","21","SL클래스","565","SL클래스","R232","23년~현재","22","model_2774.","https://file4.bobaedream.co.kr/car_model_img/model_2774.","당근 이미지로 채움"
"벤츠","21","L319","212","L319","","55~67년","0","","","없음(점선 빈 칸)"
"벤츠","21","220","150","220","W111","59~71년","0","","","없음(점선 빈 칸)"
"벤츠","21","악트로스","1947","악트로스","","95년~현재","0","model_2514.","https://file4.bobaedream.co.kr/car_model_img/model_2514.","없음(점선 빈 칸)"
"벤츠","21","아록스","1948","아록스","","13년~현재","0","model_2515.","https://file4.bobaedream.co.kr/car_model_img/model_2515.","없음(점선 빈 칸)"
"벤츠","21","아테고","1949","아테고","","15년~현재","0","model_2516.","https://file4.bobaedream.co.kr/car_model_img/model_2516.","없음(점선 빈 칸)"
"벤츠","21","기타","1582","기타","","","1","","","없음(점선 빈 칸)"
"BMW","1","1시리즈","2082","1시리즈","F70","25년~현재","0","","","없음(점선 빈 칸)"
"BMW","1","1시리즈","1693","1시리즈","F40","20~24년","4","model_2212.","https://file4.bobaedream.co.kr/car_model_img/model_2212.","당근 이미지로 채움"
"BMW","1","1시리즈","1131","1시리즈","F20","12~19년","1","model_1543.","https://file4.bobaedream.co.kr/car_model_img/model_1543.","당근 이미지로 채움"
"BMW","1","1시리즈","721","1시리즈","E82","04~13년","2","model_900.","https://file4.bobaedream.co.kr/car_model_img/model_900.","당근 이미지로 채움"
"BMW","1","2시리즈","215","2시리즈","G42","22년~현재","3","model_2724.","https://file4.bobaedream.co.kr/car_model_img/model_2724.","없음(점선 빈 칸)"
"BMW","1","2시리즈","2081","2시리즈 그란쿠페","F74","25년~현재","0","","","없음(점선 빈 칸)"
"BMW","1","2시리즈","425","2시리즈 액티브 투어러","U06","22년~현재","5","model_2740.","https://file4.bobaedream.co.kr/car_model_img/model_2740.","없음(점선 빈 칸)"
"BMW","1","2시리즈","1683","2시리즈 그란쿠페","F44","20~24년","6","model_2258.","https://file4.bobaedream.co.kr/car_model_img/model_2258.","없음(점선 빈 칸)"
"BMW","1","2시리즈","1755","2시리즈 액티브 투어러","F45","14~22년","1","model_2257.","https://file4.bobaedream.co.kr/car_model_img/model_2257.","없음(점선 빈 칸)"
"BMW","1","3시리즈","1757","3시리즈","E36","90~00년","0","model_2123.","https://file4.bobaedream.co.kr/car_model_img/model_2123.","없음(점선 빈 칸)"
"BMW","1","3시리즈","1756","3시리즈","","75~94년","0","model_2122.","https://file4.bobaedream.co.kr/car_model_img/model_2122.","없음(점선 빈 칸)"
"BMW","1","4시리즈","1868","4시리즈","G22","21년~현재","10","model_2369.","https://file4.bobaedream.co.kr/car_model_img/model_2369.","당근 이미지로 채움"
"BMW","1","5시리즈","1985","5시리즈","G60","23년~현재","36","model_2808.","https://file4.bobaedream.co.kr/car_model_img/model_2808.","당근 이미지로 채움"
"BMW","1","5시리즈","1681","5시리즈","","72~96년","3","model_2125.","https://file4.bobaedream.co.kr/car_model_img/model_2125.","없음(점선 빈 칸)"
"BMW","1","6시리즈","1550","6시리즈","E24","76~89년","1","model_2126.","https://file4.bobaedream.co.kr/car_model_img/model_2126.","당근 이미지로 채움"
"BMW","1","7시리즈","82","7시리즈","G70","22년~현재","36","model_2759.","https://file4.bobaedream.co.kr/car_model_img/model_2759.","당근 이미지로 채움"
"BMW","1","7시리즈","1551","7시리즈","E38","94~01년","2","model_2128.","https://file4.bobaedream.co.kr/car_model_img/model_2128.","당근 이미지로 채움"
"BMW","1","7시리즈","1758","7시리즈","","77~94년","0","model_2129.","https://file4.bobaedream.co.kr/car_model_img/model_2129.","없음(점선 빈 칸)"
"BMW","1","8시리즈","1552","8시리즈","G15","19년~현재","21","model_2095.","https://file4.bobaedream.co.kr/car_model_img/model_2095.","당근 이미지로 채움"
"BMW","1","M2","1971","M2","G87","23년~현재","6","model_2794.","https://file4.bobaedream.co.kr/car_model_img/model_2794.","없음(점선 빈 칸)"
"BMW","1","M3","1877","M3","G80","21년~현재","13","model_2384.","https://file4.bobaedream.co.kr/car_model_img/model_2384.","없음(점선 빈 칸)"
"BMW","1","M3","1555","M3","E90","07~13년","7","model_2154.","https://file4.bobaedream.co.kr/car_model_img/model_2154.","없음(점선 빈 칸)"
"BMW","1","M3","1751","M3","E46","00~06년","2","model_2153.","https://file4.bobaedream.co.kr/car_model_img/model_2153.","없음(점선 빈 칸)"
"BMW","1","M3","202","M3","E36","92~99년","1","model_2152.","https://file4.bobaedream.co.kr/car_model_img/model_2152.","없음(점선 빈 칸)"
"BMW","1","M3","1564","M3","E30","86~91년","0","model_2151.","https://file4.bobaedream.co.kr/car_model_img/model_2151.","없음(점선 빈 칸)"
"BMW","1","M4","1878","M4","G82","21년~현재","13","model_2385.","https://file4.bobaedream.co.kr/car_model_img/model_2385.","없음(점선 빈 칸)"
"BMW","1","M5","2049","M5","G90","24년~현재","2","model_2880.","https://file4.bobaedream.co.kr/car_model_img/model_2880.","없음(점선 빈 칸)"
"BMW","1","M5","1768","M5","F90","18~24년","15","model_2161.","https://file4.bobaedream.co.kr/car_model_img/model_2161.","없음(점선 빈 칸)"
"BMW","1","M5","1767","M5","F10","12~17년","3","model_2160.","https://file4.bobaedream.co.kr/car_model_img/model_2160.","없음(점선 빈 칸)"
"BMW","1","M5","1766","M5","E60","05~10년","1","model_2159.","https://file4.bobaedream.co.kr/car_model_img/model_2159.","없음(점선 빈 칸)"
"BMW","1","M5","1058","M5","E39","98~03년","1","model_2158.","https://file4.bobaedream.co.kr/car_model_img/model_2158.","없음(점선 빈 칸)"
"BMW","1","M5","1565","M5","","84~95년","0","model_2157.","https://file4.bobaedream.co.kr/car_model_img/model_2157.","없음(점선 빈 칸)"
"BMW","1","M6","1008","M6","E63","05~10년","1","model_2165.","https://file4.bobaedream.co.kr/car_model_img/model_2165.","없음(점선 빈 칸)"
"BMW","1","M6","1368","M6","E24","83~89년","0","model_2163.","https://file4.bobaedream.co.kr/car_model_img/model_2163.","없음(점선 빈 칸)"
"BMW","1","M8","1566","M8","F92","19년~현재","6","model_2166.","https://file4.bobaedream.co.kr/car_model_img/model_2166.","없음(점선 빈 칸)"
"BMW","1","M 쿠페/로드스터","1690","M 쿠페","E36/8","98~02년","0","model_2167.","https://file4.bobaedream.co.kr/car_model_img/model_2167.","없음(점선 빈 칸)"
"BMW","1","M 쿠페/로드스터","1771","M 로드스터","E36/7","98~02년","0","model_2168.","https://file4.bobaedream.co.kr/car_model_img/model_2168.","없음(점선 빈 칸)"
"BMW","1","X3 M","1567","X3 M","F97","19년~현재","4","model_2171.","https://file4.bobaedream.co.kr/car_model_img/model_2171.","없음(점선 빈 칸)"
"BMW","1","X4 M","1371","X4 M","F98","19년~현재","4","model_2172.","https://file4.bobaedream.co.kr/car_model_img/model_2172.","없음(점선 빈 칸)"
"BMW","1","X5 M","1497","X5 M","F95","20년~현재","2","model_2311.","https://file4.bobaedream.co.kr/car_model_img/model_2311.","없음(점선 빈 칸)"
"BMW","1","X5 M","1773","X5 M","E70","10~13년","0","model_2173.","https://file4.bobaedream.co.kr/car_model_img/model_2173.","없음(점선 빈 칸)"
"BMW","1","X6 M","1827","X6 M","F96","20년~현재","6","model_2312.","https://file4.bobaedream.co.kr/car_model_img/model_2312.","없음(점선 빈 칸)"
"BMW","1","X6 M","1775","X6 M","E71","09~14년","0","model_2175.","https://file4.bobaedream.co.kr/car_model_img/model_2175.","없음(점선 빈 칸)"
"BMW","1","XM","574","XM","G09","23년~현재","6","model_2777.","https://file4.bobaedream.co.kr/car_model_img/model_2777.","없음(점선 빈 칸)"
"BMW","1","X1","926","X1","U11","23년~현재","6","model_2775.","https://file4.bobaedream.co.kr/car_model_img/model_2775.","없음(점선 빈 칸)"
"BMW","1","X2","2009","X2","U10","24년~현재","3","model_2838.","https://file4.bobaedream.co.kr/car_model_img/model_2838.","없음(점선 빈 칸)"
"BMW","1","X3","2048","X3","G45","24년~현재","5","model_2879.","https://file4.bobaedream.co.kr/car_model_img/model_2879.","없음(점선 빈 칸)"
"BMW","1","X5","1560","X5","E53","00~06년","0","model_2141.","https://file4.bobaedream.co.kr/car_model_img/model_2141.","없음(점선 빈 칸)"
"BMW","1","X6","820","X6","G06","20년~현재","64","model_2147.","https://file4.bobaedream.co.kr/car_model_img/model_2147.","없음(점선 빈 칸)"
"BMW","1","iX","2084","더 뉴 iX","","25년~현재","0","","","없음(점선 빈 칸)"
"BMW","1","iX","465","iX","i20","22년~현재","4","model_2681.","https://file4.bobaedream.co.kr/car_model_img/model_2681.","없음(점선 빈 칸)"
"BMW","1","iX1","540","iX1","U11","23년~현재","1","model_2776.","https://file4.bobaedream.co.kr/car_model_img/model_2776.","없음(점선 빈 칸)"
"BMW","1","iX2","2058","iX2","U10","25년~현재","0","model_2889.","https://file4.bobaedream.co.kr/car_model_img/model_2889.","없음(점선 빈 칸)"
"BMW","1","iX3","1917","iX3","G08","21년~현재","0","model_2470.","https://file4.bobaedream.co.kr/car_model_img/model_2470.","없음(점선 빈 칸)"
"BMW","1","i4","355","i4","G26","22년~현재","9","model_2713.","https://file4.bobaedream.co.kr/car_model_img/model_2713.","없음(점선 빈 칸)"
"BMW","1","i5","1986","i5","G60","23년~현재","4","model_2809.","https://file4.bobaedream.co.kr/car_model_img/model_2809.","없음(점선 빈 칸)"
"BMW","1","i7","83","i7","G70","22년~현재","7","model_2760.","https://file4.bobaedream.co.kr/car_model_img/model_2760.","없음(점선 빈 칸)"
"현대","49","그라나다","515","그라나다","","78~85년","0","model_567.","https://file4.bobaedream.co.kr/car_model_img/model_567.","없음(점선 빈 칸)"
"현대","49","그랜저","87","디 올 뉴 그랜저","GN7","22년~현재","66","model_2757.","https://file4.bobaedream.co.kr/car_model_img/model_2757.","없음(점선 빈 칸)"
"현대","49","그랜저","1525","디 올 뉴 그랜저 하이브리드","GN7","22년~현재","54","model_2758.","https://file4.bobaedream.co.kr/car_model_img/model_2758.","없음(점선 빈 칸)"
"현대","49","그레이스","1913","그레이스","AH","86~93년","0","","","없음(점선 빈 칸)"
"현대","49","넥쏘","2094","넥쏘 (NH2)","NH2","25년~현재","0","","","없음(점선 빈 칸)"
"현대","49","베르나","1914","베르나 (신형)","MC","05~09년","0","","","없음(점선 빈 칸)"
"현대","49","블루온","233","블루온","","10~11년","0","","","없음(점선 빈 칸)"
"현대","49","스쿠프","406","스쿠프","SLC","90~92년","0","model_420.","https://file4.bobaedream.co.kr/car_model_img/model_420.","없음(점선 빈 칸)"
"현대","49","스타리아","643","스타리아 일렉트릭","","","0","","","없음(점선 빈 칸)"
"현대","49","스타리아","128","더 뉴 스타리아","US4","25년~현재","0","","","없음(점선 빈 칸)"
"현대","49","싼타페","953","싼타페 더스타일","CM","09~12년","3","model_1158.","https://file4.bobaedream.co.kr/car_model_img/model_1158.","없음(점선 빈 칸)"
"현대","49","아반떼","264","더 뉴 아반떼 [CN7]","CN7","23년~현재","34","model_2767.","https://file4.bobaedream.co.kr/car_model_img/model_2767.","없음(점선 빈 칸)"
"현대","49","아반떼","265","더 뉴 아반떼 하이브리드 [CN7]","CN7","23년~현재","2","model_2768.","https://file4.bobaedream.co.kr/car_model_img/model_2768.","없음(점선 빈 칸)"
"현대","49","아반떼","1733","더 뉴 아반떼 N","CN7","23년~현재","5","model_2791.","https://file4.bobaedream.co.kr/car_model_img/model_2791.","없음(점선 빈 칸)"
"현대","49","아이오닉","1340","아이오닉 일렉트릭","AE","16~19년","1","model_1819.","https://file4.bobaedream.co.kr/car_model_img/model_1819.","없음(점선 빈 칸)"
"현대","49","아이오닉5","2005","더 뉴 아이오닉 5","NE","24년~현재","0","model_2828.","https://file4.bobaedream.co.kr/car_model_img/model_2828.","없음(점선 빈 칸)"
"현대","49","아이오닉5","1981","아이오닉 5 N","NE-N","23년~현재","3","model_2804.","https://file4.bobaedream.co.kr/car_model_img/model_2804.","없음(점선 빈 칸)"
"현대","49","아이오닉6","2083","더 뉴 아이오닉 6","CE","25년~현재","0","","","없음(점선 빈 칸)"
"현대","49","아이오닉6","1638","아이오닉6","","22~25년","5","model_2747.","https://file4.bobaedream.co.kr/car_model_img/model_2747.","없음(점선 빈 칸)"
"현대","49","아이오닉6","2097","아이오닉 6 N","CE-N","26년~현재","0","","","없음(점선 빈 칸)"
"현대","49","아이오닉9","2052","아이오닉9","","25년~현재","0","model_2883.","https://file4.bobaedream.co.kr/car_model_img/model_2883.","없음(점선 빈 칸)"
"현대","49","엑센트","1919","뉴 엑센트","X3","97~99년","0","","","없음(점선 빈 칸)"
"현대","49","카운티","1921","카운티 뉴브리즈","CN","12년~현재","0","","","없음(점선 빈 칸)"
"현대","49","카운티","1922","카운티 일렉트릭","CN","12년~현재","0","","","없음(점선 빈 칸)"
"현대","49","캐스퍼","2034","더 뉴 캐스퍼","AX1","24년~현재","2","model_2864.","https://file4.bobaedream.co.kr/car_model_img/model_2864.","없음(점선 빈 칸)"
"현대","49","캐스퍼","2030","캐스퍼 일렉트릭","AX1","24년~현재","1","model_2859.","https://file4.bobaedream.co.kr/car_model_img/model_2859.","없음(점선 빈 칸)"
"현대","49","코나","74","디 올 뉴 코나","SX2","23년~현재","19","model_2763.","https://file4.bobaedream.co.kr/car_model_img/model_2763.","없음(점선 빈 칸)"
"현대","49","코나","75","디 올 뉴 코나 하이브리드","SX2","23년~현재","3","model_2764.","https://file4.bobaedream.co.kr/car_model_img/model_2764.","없음(점선 빈 칸)"
"현대","49","코나","1464","코나 하이브리드","OS","19~20년","0","","","없음(점선 빈 칸)"
"현대","49","코티나","523","코티나","","68~71년","0","model_578.","https://file4.bobaedream.co.kr/car_model_img/model_578.","없음(점선 빈 칸)"
"현대","49","투싼","1996","더 뉴 투싼","NX4","23년~현재","5","model_2818.","https://file4.bobaedream.co.kr/car_model_img/model_2818.","없음(점선 빈 칸)"
"현대","49","투싼","1997","더 뉴 투싼 하이브리드","NX4","23년~현재","4","model_2819.","https://file4.bobaedream.co.kr/car_model_img/model_2819.","없음(점선 빈 칸)"
"현대","49","투싼","1847","디 올 뉴 투싼","NX4","20~23년","19","model_2343.","https://file4.bobaedream.co.kr/car_model_img/model_2343.","없음(점선 빈 칸)"
"현대","49","투싼","1892","디 올 뉴 투싼 하이브리드","NX4","20~23년","7","model_2403.","https://file4.bobaedream.co.kr/car_model_img/model_2403.","없음(점선 빈 칸)"
"현대","49","엑시언트","1903","엑시언트 프로","QZ","19년~현재","1","","","없음(점선 빈 칸)"
"현대","49","엑시언트","1902","엑시언트","QZ","15년~19년","0","","","없음(점선 빈 칸)"
"현대","49","엑시언트","1901","트라고 엑시언트","QZ","13~15년","0","","","없음(점선 빈 칸)"
"현대","49","팰리세이드","1705","더 뉴 팰리세이드","LX2","22~25년","126","model_2722.","https://file4.bobaedream.co.kr/car_model_img/model_2722.","없음(점선 빈 칸)"
"현대","49","파비스","1923","파비스","QL","19년~현재","0","","","없음(점선 빈 칸)"
"현대","49","그린시티","1924","그린시티","","10년~현재","0","","","없음(점선 빈 칸)"
"현대","49","그린시티","1925","글로벌900","","02~10년","0","","","없음(점선 빈 칸)"
"현대","49","유니시티","1675","유니시티","","11년~현재","0","","","없음(점선 빈 칸)"
"현대","49","ST1","2010","ST1","","24년~현재","0","model_2839.","https://file4.bobaedream.co.kr/car_model_img/model_2839.","없음(점선 빈 칸)"
"현대","49","기타","6","90A","마루 H","","0","model_1307.","https://file4.bobaedream.co.kr/car_model_img/model_1307.","없음(점선 빈 칸)"
"현대","49","기타","971","91A","","","0","model_1305.","https://file4.bobaedream.co.kr/car_model_img/model_1305.","없음(점선 빈 칸)"
"기아","3","EV4","2059","EV4","CT1","25년~현재","0","model_2890.","https://file4.bobaedream.co.kr/car_model_img/model_2890.","없음(점선 빈 칸)"
"기아","3","EV5","2090","EV5","OV1","25년~현재","0","","","없음(점선 빈 칸)"
"기아","3","EV6","2031","더 뉴 EV6","CV","24년~현재","1","","","없음(점선 빈 칸)"
"기아","3","EV9","1972","EV9","MV1","23년~현재","3","model_2795.","https://file4.bobaedream.co.kr/car_model_img/model_2795.","당근 이미지로 채움"
"기아","3","K3","1506","더 뉴 K3 [2세대]","BD","21년~현재","3","","","없음(점선 빈 칸)"
"기아","3","K3","1860","더 뉴 K3 쿱","YK","16~17년","0","","","없음(점선 빈 칸)"
"기아","3","K5","1992","더 뉴 K5 3세대","DL3","23년~현재","15","model_2815.","https://file4.bobaedream.co.kr/car_model_img/model_2815.","없음(점선 빈 칸)"
"기아","3","K5","1993","더 뉴 K5 하이브리드 3세대","DL3","23년~현재","8","model_2816.","https://file4.bobaedream.co.kr/car_model_img/model_2816.","없음(점선 빈 칸)"
"기아","3","K8","2026","더 뉴 K8","GL3","24년~현재","7","model_2855.","https://file4.bobaedream.co.kr/car_model_img/model_2855.","없음(점선 빈 칸)"
"기아","3","K8","2027","더 뉴 K8 하이브리드","GL3","24년~현재","6","model_2856.","https://file4.bobaedream.co.kr/car_model_img/model_2856.","없음(점선 빈 칸)"
"기아","3","PV5","2093","PV5","SW1","25년~현재","1","","","당근 이미지로 채움"
"기아","3","니로","1915","디 올 뉴 니로","SG2","22년~현재","9","model_2467.","https://file4.bobaedream.co.kr/car_model_img/model_2467.","없음(점선 빈 칸)"
"기아","3","니로","1692","디 올 뉴 니로 EV","SG2","22년~현재","1","model_2721.","https://file4.bobaedream.co.kr/car_model_img/model_2721.","없음(점선 빈 칸)"
"기아","3","니로","214","니로 플러스","DE","22년~현재","0","model_2720.","https://file4.bobaedream.co.kr/car_model_img/model_2720.","없음(점선 빈 칸)"
"기아","3","레이","1637","더 뉴 기아 레이","TAM","22년~현재","21","model_2751.","https://file4.bobaedream.co.kr/car_model_img/model_2751.","없음(점선 빈 칸)"
"기아","3","레이","1983","더 뉴 기아 레이 EV","TAM","23년~현재","0","model_2806.","https://file4.bobaedream.co.kr/car_model_img/model_2806.","없음(점선 빈 칸)"
"기아","3","록스타","33","록스타","K-111","90~96년","0","model_39.","https://file4.bobaedream.co.kr/car_model_img/model_39.","없음(점선 빈 칸)"
"기아","3","록스타","34","록스타 R2","K-111","93~97년","0","model_40.","https://file4.bobaedream.co.kr/car_model_img/model_40.","없음(점선 빈 칸)"
"기아","3","모닝","1622","더 뉴 모닝 [JA]","JA","23년~현재","2","model_2787.","https://file4.bobaedream.co.kr/car_model_img/model_2787.","없음(점선 빈 칸)"
"기아","3","베스타","1929","베스타","","86~90년","0","","","없음(점선 빈 칸)"
"기아","3","베스타","62","뉴베스타","","90~97년","0","model_68.","https://file4.bobaedream.co.kr/car_model_img/model_68.","없음(점선 빈 칸)"
"기아","3","베스타","983","하이베스타","","92~97년","0","model_1475.","https://file4.bobaedream.co.kr/car_model_img/model_1475.","없음(점선 빈 칸)"
"기아","3","복사","1930","와이드복사","","92~98년","0","","","없음(점선 빈 칸)"
"기아","3","봉고","549","봉고3","PU","04~19년","145","","","없음(점선 빈 칸)"
"기아","3","봉고","667","봉고","BA2","80~89년","0","model_820.","https://file4.bobaedream.co.kr/car_model_img/model_820.","없음(점선 빈 칸)"
"기아","3","브리사","51","브리사","","73~81년","0","model_57.","https://file4.bobaedream.co.kr/car_model_img/model_57.","없음(점선 빈 칸)"
"기아","3","세이블","36","세이블","","86~09년","0","model_42.","https://file4.bobaedream.co.kr/car_model_img/model_42.","없음(점선 빈 칸)"
"기아","3","셀토스","671","디 올 뉴 셀토스","SP3","26년~현재","8","","","없음(점선 빈 칸)"
"기아","3","셀토스","942","더 뉴 셀토스","SP2","22년~현재","23","model_2739.","https://file4.bobaedream.co.kr/car_model_img/model_2739.","없음(점선 빈 칸)"
"기아","3","스포티지","2044","더 뉴 스포티지","NQ5","24년~현재","4","model_2875.","https://file4.bobaedream.co.kr/car_model_img/model_2875.","없음(점선 빈 칸)"
"기아","3","스포티지","2045","더 뉴 스포티지 하이브리드","NQ5","24년~현재","9","model_2876.","https://file4.bobaedream.co.kr/car_model_img/model_2876.","없음(점선 빈 칸)"
"기아","3","아벨라","969","아벨라 델타","WB","95~99년","0","model_1203.","https://file4.bobaedream.co.kr/car_model_img/model_1203.","없음(점선 빈 칸)"
"기아","3","카니발","1989","더 뉴 카니발 4세대"," KA4 ","23년~현재","142","model_2812.","https://file4.bobaedream.co.kr/car_model_img/model_2812.","없음(점선 빈 칸)"
"기아","3","카니발","1505","그랜드 카니발 R","VQ","10~14년","25","model_2496.","https://file4.bobaedream.co.kr/car_model_img/model_2496.","없음(점선 빈 칸)"
"기아","3","카니발","1500","뉴 카니발 R","VQ","10~14년","11","model_2495.","https://file4.bobaedream.co.kr/car_model_img/model_2495.","없음(점선 빈 칸)"
"기아","3","카렌스","777","뉴 페이스 카렌스","UN","08~13년","0","model_960.","https://file4.bobaedream.co.kr/car_model_img/model_960.","없음(점선 빈 칸)"
"기아","3","캐피탈","1216","뉴 캐피탈","","94~96년","0","","","없음(점선 빈 칸)"
"기아","3","콩코드","454","뉴 콩코드","","91~95년","0","model_1479.","https://file4.bobaedream.co.kr/car_model_img/model_1479.","없음(점선 빈 칸)"
"기아","3","콩코드","23","콩코드","","87~91년","0","model_28.","https://file4.bobaedream.co.kr/car_model_img/model_28.","없음(점선 빈 칸)"
"기아","3","타스만","2051","타스만","TK1","25년~현재","1","model_2882.","https://file4.bobaedream.co.kr/car_model_img/model_2882.","당근 이미지로 채움"
"기아","3","토픽","54","토픽","","87~99년","0","model_60.","https://file4.bobaedream.co.kr/car_model_img/model_60.","없음(점선 빈 칸)"
"기아","3","트럭","1049","KB트럭","","","0","model_1324.","https://file4.bobaedream.co.kr/car_model_img/model_1324.","없음(점선 빈 칸)"
"기아","3","트럭","1050","AM트럭","","","0","model_1325.","https://file4.bobaedream.co.kr/car_model_img/model_1325.","없음(점선 빈 칸)"
"기아","3","파크타운","50","파크타운","G-II","98~00년","0","model_56.","https://file4.bobaedream.co.kr/car_model_img/model_56.","없음(점선 빈 칸)"
"기아","3","피아트 132","48","피아트 132","","79~81년","0","model_54.","https://file4.bobaedream.co.kr/car_model_img/model_54.","없음(점선 빈 칸)"
"기아","3","기타","542","피아트 124","","","0","model_1513.","https://file4.bobaedream.co.kr/car_model_img/model_1513.","없음(점선 빈 칸)"
"기아","3","기타","823","AM927 (버스)","AM927","","0","model_1007.","https://file4.bobaedream.co.kr/car_model_img/model_1007.","없음(점선 빈 칸)"
"기아","3","기타","824","AM928 (버스)","AM928","","0","model_1008.","https://file4.bobaedream.co.kr/car_model_img/model_1008.","없음(점선 빈 칸)"
"포르쉐","43","718","1781","718 스파이더","982","19년~현재","2","model_2215.","https://file4.bobaedream.co.kr/car_model_img/model_2215.","없음(점선 빈 칸)"
"포르쉐","43","911","1531","911","996","99~05년","4","model_2478.","https://file4.bobaedream.co.kr/car_model_img/model_2478.","없음(점선 빈 칸)"
"포르쉐","43","911","1920","911","","64~98년","15","model_2479.","https://file4.bobaedream.co.kr/car_model_img/model_2479.","없음(점선 빈 칸)"
"포르쉐","43","박스터","1926","박스터","986","96~04년","0","model_2490.","https://file4.bobaedream.co.kr/car_model_img/model_2490.","없음(점선 빈 칸)"
"포르쉐","43","마칸","2053","마칸 일렉트릭","","24년~현재","1","model_2884.","https://file4.bobaedream.co.kr/car_model_img/model_2884.","없음(점선 빈 칸)"
"포르쉐","43","카이엔","2100","카이엔 일렉트릭","","25년~현재","0","","","없음(점선 빈 칸)"
"포르쉐","43","타이칸","1264","타이칸","","20년~현재","55","model_2310.","https://file4.bobaedream.co.kr/car_model_img/model_2310.","당근 이미지로 채움"
"포르쉐","43","파나메라","2008","파나메라","972","24년~현재","14","model_2837.","https://file4.bobaedream.co.kr/car_model_img/model_2837.","당근 이미지로 채움"
"포르쉐","43","356","878","356","356","48~65년","0","model_1062.","https://file4.bobaedream.co.kr/car_model_img/model_1062.","없음(점선 빈 칸)"
"포르쉐","43","928","1533","928","","77~95년","0","model_2594.","https://file4.bobaedream.co.kr/car_model_img/model_2594.","없음(점선 빈 칸)"
"포르쉐","43","944","1534","944","","82~91년","1","model_2595.","https://file4.bobaedream.co.kr/car_model_img/model_2595.","당근 이미지로 채움"
"포르쉐","43","959","7","959","","86~93년","0","model_1293.","https://file4.bobaedream.co.kr/car_model_img/model_1293.","없음(점선 빈 칸)"
"포르쉐","43","968","341","968","","91~95년","0","model_2596.","https://file4.bobaedream.co.kr/car_model_img/model_2596.","없음(점선 빈 칸)"
"페라리","41","296","527","296","","22년~현재","78","model_2718.","https://file4.bobaedream.co.kr/car_model_img/model_2718.","없음(점선 빈 칸)"
"페라리","41","512TR","844","512TR","","91~94년","0","model_1027.","https://file4.bobaedream.co.kr/car_model_img/model_1027.","없음(점선 빈 칸)"
"페라리","41","849","2102","849","","26년~현재","0","","","없음(점선 빈 칸)"
"페라리","41","F8","1740","F8","","19년~현재","74","","","없음(점선 빈 칸)"
"페라리","41","SF90","1799","SF90","","20년~현재","49","","","당근 이미지로 채움"
"페라리","41","라페라리","941","라페라리","","13년~현재","0","","","없음(점선 빈 칸)"
"페라리","41","로마","1702","로마","","20년~현재","80","","","당근 이미지로 채움"
"페라리","41","푸로산게","1669","푸로산게","","24년~현재","25","model_2865.","https://file4.bobaedream.co.kr/car_model_img/model_2865.","당근 이미지로 채움"
"페라리","41","아말피","2101","아말피","","25년~현재","0","","","없음(점선 빈 칸)"
"페라리","41","12 칠린드리","291","12 칠린드리","","26년~현재","0","","","없음(점선 빈 칸)"
"페라리","41","기타","492","기타","","","0","","","없음(점선 빈 칸)"
"람보르기니","11","레부엘토","2092","레부엘토","","","7","","","당근 이미지로 채움"
"람보르기니","11","테메라리오","614","테메라리오","","","0","","","없음(점선 빈 칸)"
"벤틀리","22","벤테이가","1322","벤테이가","","16년~현재","80","model_1775.","https://file4.bobaedream.co.kr/car_model_img/model_1775.","당근 이미지로 채움"
"벤틀리","22","컨티넨탈 GT","2043","컨티넨탈 GT","","24년~현재","4","model_2874.","https://file4.bobaedream.co.kr/car_model_img/model_2874.","없음(점선 빈 칸)"
"벤틀리","22","플라잉스퍼","2033","플라잉스퍼","","24년~현재","0","model_2863.","https://file4.bobaedream.co.kr/car_model_img/model_2863.","없음(점선 빈 칸)"
"벤틀리","22","플라잉스퍼","1537","플라잉스퍼","","19년~24년","58","model_2232.","https://file4.bobaedream.co.kr/car_model_img/model_2232.","없음(점선 빈 칸)"
"벤틀리","22","터보 R","461","터보 R","","","0","model_488.","https://file4.bobaedream.co.kr/car_model_img/model_488.","없음(점선 빈 칸)"
"롤스로이스","16","고스트","1844","고스트","","20년~현재","58","model_2339.","https://file4.bobaedream.co.kr/car_model_img/model_2339.","당근 이미지로 채움"
"롤스로이스","16","고스트","981","고스트","","10~20년","49","model_1215.","https://file4.bobaedream.co.kr/car_model_img/model_1215.","없음(점선 빈 칸)"
"롤스로이스","16","던","1341","던","","16년~현재","17","model_1820.","https://file4.bobaedream.co.kr/car_model_img/model_1820.","당근 이미지로 채움"
"롤스로이스","16","팬텀","450","팬텀","","17년~현재","27","model_470.","https://file4.bobaedream.co.kr/car_model_img/model_470.","없음(점선 빈 칸)"
"롤스로이스","16","팬텀","1959","팬텀","","03~17년","6","model_2552.","https://file4.bobaedream.co.kr/car_model_img/model_2552.","없음(점선 빈 칸)"
"롤스로이스","16","스펙터","1991","스펙터","","23년~현재","14","model_2814.","https://file4.bobaedream.co.kr/car_model_img/model_2814.","당근 이미지로 채움"
"롤스로이스","16","실버 쉐도우","227","실버 쉐도우Ⅱ","","77~80년","0","","","없음(점선 빈 칸)"
"롤스로이스","16","실버 쉐도우","356","실버 쉐도우Ⅰ","","65~76년","0","","","없음(점선 빈 칸)"
"롤스로이스","16","실버 클라우드","635","실버 클라우드Ⅲ","","63~66년","0","","","없음(점선 빈 칸)"
"롤스로이스","16","실버 클라우드","1529","실버 클라우드Ⅱ","","59~62년","1","","","없음(점선 빈 칸)"
"롤스로이스","16","실버 클라우드","266","실버 클라우드Ⅰ","","55~59년","0","","","없음(점선 빈 칸)"
