변경ID,일시,작업ID,화면,요소,속성,이전 값,변경 값,상태,비고
"CH-0016","2026-09-24 18:51","QF-067","PC 좌측 필터","제조사 아코디언","제목 문구","제조사 · 모델","제조사 · 모델 · 등급","예정","14px 600 #222 그대로"
"CH-0017","2026-09-24 18:51","QF-067","PC 좌측 필터","제조사 아코디언","위치","27개 중 3번째(바디타입·차급 다음)","1번째(맨 위), 나머지 26개 순서 그대로, 기본 펼침","예정",""
"CH-0018","2026-09-24 18:51","QF-067","PC 좌측 필터","제조사 아코디언","드릴다운 동작","제조사 목록 1단계(누르면 제조사 필터만 적용)","제조사 → 모델 → 등급 3단계를 사이드바 안에서 이동(모달 없음). 뒤로 행 '‹ 제조사/모델' 14px 600 #222 높이 40, 스크롤해도 위에 고정(sticky). 목록은 아코디언 안 최대 580 스크롤. 선택은 퀵필터 레일·상단 요약 칩과 같은 상태(모델=퀵필터 모델, 세대 묶음=퀵필터 세대, 등급=퀵필터 트림)","예정","퀵필터에서 고르면 사이드바도 같은 단계로 열림"
"CH-0019","2026-09-24 18:51","QF-067","PC 좌측 필터","제조사 아코디언","선택 경로 표시","없음","접힘: 제목 아래 '벤츠 › E클래스 › 등급 2개' 12px 500 #1B4C8C(선택 없으면 숨김). 펼침: 맨 위 단계별 해제 칩(높이 28, #F2F6FB 배경, 1px #1B4C8C, 12px 600) — ×는 그 단계와 아래 단계 함께 해제. 머리 '초기화'(12px 600 #767676 밑줄)는 이 항목만 해제","예정","세대만 고르고 등급이 없으면 세 번째 칩은 세대명(예: 6세대 W214)"
"CH-0020","2026-09-24 18:51","QF-067","PC 좌측 필터","제조사 아코디언","등급 목록","없음","세대별 묶음 제목 '6세대 W214 · 23~현재' 13px 500 #9E9E9E → 등급 행(체크박스 18 + 이름 14px 400 #1A1A1A + 매물 수 12px 500 #9E9E9E, 높이 40, 여러 개 선택, 0대 비활성 #C0C0C0). 세대 데이터 없는 모델은 묶음 제목 없이 등급만, 등급도 없으면 '등급 정보 없음'","예정","다른 세대의 등급을 고르면 세대가 바뀌고 이전 세대 등급 선택은 풀림(퀵필터 트림과 같은 규칙)"
"CH-0021","2026-09-24 20:14","QF-076","PC 좌측 필터 모달","아래 버튼","확인 버튼 숫자","확인 14,847대(원본 전체 매물 수)","확인 N대(지금 목록 수)","예정","이번 과제는 제조사·모델·등급 외 필터로 목록을 거르지 않으므로 확인은 모달만 닫는다"
"CH-0022","2026-09-24 20:14","QF-076","PC 좌측 필터 모달","색 칩·변속기·구간 칩","선택된 모양","원본 선택 상태 미수집","색 칩·구간 칩: 흰 배경 + 1px #1B4C8C 테두리 + #1B4C8C 글자 / 변속기·광고기간: #1B4C8C 채움 + 흰 글자","예정","광고기간 '전체' 선택 모양(#1B4C8C 채움)만 원본에서 확인"
"CH-0023","2026-09-24 20:14","QF-076","PC 좌측 필터 모달","범위 막대(최고출력·연비·배기량·공차중량·크기·전기차 주행 가능 거리)","동작","손잡이를 끌어 범위 선택","모양만(양 끝 손잡이 + #1B4C8C 막대), 값과 연결 안 함","예정","목록 거르기를 붙이는 과제에서 연결"
"CH-0024","2026-09-24 20:14","QF-076","PC 좌측 필터","제조사·모델 제외하기","버튼·모달","'제조사·모델 제외하기' 버튼 → 412 모달","없음","예정","QF-067 제조사 · 모델 · 등급을 유지하므로 만들지 않음"
"CH-0025","2026-09-24 20:14","QF-076","PC 좌측 필터 모달","외부색상·시트색상 색 동그라미","색","원본 색 칩 이미지","색 이름에 맞춰 새로 정한 CSS 색(투톤은 반반 그라데이션)","예정","원본 이미지는 복사하지 않음"
"CH-0026","2026-09-24 21:00","QF-091","PC·모바일 과쯔 상단","차량 유형 줄","유형 선택 후 모양","원본: 유형 아이콘 줄이 그대로 남음","유형을 고르면 같은 자리가 퀵필터 레일(제조사 단계부터)로 바뀌고, 요약 칩 ×로 유형까지 풀면 다시 원본 유형 줄","예정","원본과 다른 유일한 개선. 퀵필터 레일 규격·동작은 그대로"
"CH-0027","2026-09-24 21:00","QF-091","PC 좌측 필터","제조사 · 모델","안쪽 동작","원본: 제조사 목록(국산·수입 인기·이름순)","제목·위치(3번째)는 원본대로, 안쪽은 QF-067 제조사 → 모델 → 등급 드릴다운(퀵필터와 같은 상태) 유지","예정","CH-0016 의 제목·위치 변경은 되돌림"
"CH-0028","2026-09-24 21:00","QF-091","PC·모바일 매물 카드","월·년형·마력·배지","값","원본 실제 매물 값","우리 데이터에 없어 매물 id 로 정해지는 샘플 값(src/prototype/data/bbm-card-samples.ts)","예정","모양을 맞추기 위한 값, 실제 매물 정보 아님"
"CH-0029","2026-09-24 22:20","QF-090","PC·모바일 과쯔 필터","목록 거르기","범위","원본: 모든 필터가 목록을 거름","우리 데이터에 값이 있는 항목만 거름(바디타입·연식·주행거리·가격·연료·변속기·인승·외부색상·판매자 구분 중 딜러·개인·지역·영상 매물·제조사·모델·등급). 차급·매매단지·구동방식·성능·보험·판매방식·시트색상·옵션·최고출력·연비·배기량·공차중량·크기·전기차 주행 가능 거리·차량 특징·광고기간·차량번호/판매자와 판매자 구분의 인증차량 등 4개는 선택 표시만(선택지 옆 숫자는 원본 숫자 글자)","예정","데이터가 생기면 BBM_DATA_* 에 추가"
"CH-0030","2026-09-24 22:20","QF-090","과쯔 샘플 매물","매물 수","19대","60대(기존 19대 + 차종·사진을 재사용한 41대, 연식·주행·가격·연료·바디·색상·인승·변속기·판매자·지역·영상 값만 섞음). 다섯 대에 한 대는 SUV·디젤·3천만원대","예정","초톳·동처띠는 기존 19대 그대로. 새 이미지 없음"
"CH-0031","2026-09-24 22:20","QF-089","PC·모바일 과쯔 상단","차량 유형 줄","원본: 유형 아이콘 줄 유지","유형을 고르면 퀵필터 레일(제조사 단계부터)로 전환(CH-0026 유지)","예정","원본은 제조사를 고르면 모델 칩 줄이 나오지만 우리는 퀵필터 레일"
"CH-0032","2026-09-24 22:20","QF-089","PC 좌측 필터","제조사 · 모델","원본: 제조사 목록 → 고르면 모델 목록","QF-067 제조사 → 모델 → 등급 드릴다운 유지(CH-0027 유지)","예정","제조사를 고르면 상단 칩은 원본처럼 [현대 ×][모델]"
"CH-0033","2026-09-24 22:20","QF-089","PC·모바일 적용 칩","순서","원본 규칙 미공개","원본 실측 두 번(바디타입 → 연료 → 가격 / 연식 → 인승 → 판매자 구분 → 주행거리)을 모두 만족하는 고정 순서로 추정","예정","다른 항목 사이 순서는 추정"
"CH-0034","2026-09-24 22:20","QF-085","PC·모바일 제조사 칩 창","매물 수","원본 매물 수","우리 샘플 매물로 계산(제조사·모델만 뺀 지금 조건), 0대는 흐리게. 로고는 퀵필터 제조사 로고","예정","원본 로고 이미지는 쓰지 않음"
"CH-0035","2026-09-24 23:40","QF-090","과쯔 샘플 매물","매물 수","60대(RV·화물 0대)","64대: RV 카니발 2대(기존 카니발 사진 재사용)·화물 포터2·봉고3 2대(기존 트럭 유형 아이콘을 사진 자리에 사용). 대응표에 RV→RV 추가","예정","새 이미지 없음. 화물 2대는 실사 사진이 아니라 유형 아이콘"
"CH-0036","2026-09-24 23:40","QF-089","모바일 칩 줄 스크롤","기준 칩","새 적용 칩을 47px 에","맨 앞 적용 칩을 47px 에(원본 3회 실측과 모두 일치)","예정","-"
"CH-0037","2026-09-25 00:40","QF-092","PC·모바일 과쯔 정렬","실제 정렬","원본 10개 모두 정렬","등록순·가격 낮은/높은순·연식 최신순·주행거리 짧은순만 실제 정렬. 최고출력순·연비순·제시신고순·가까운순은 선택 표시만(업데이트순 순서)","예정","우리 매물 데이터에 마력·연비·제시신고·거리 값이 없음"
"CH-0038","2026-09-25 00:40","QF-092","PC·모바일 과쯔 보기 방식","동작","원본: 4개(PC)·6개(모바일) 모두 동작","목록으로 보기만 동작, 나머지는 ""준비 중"" 안내","예정","다음 과제. 모바일은 지시문의 4개가 아니라 원본 모바일 시트 6개(피드·텍스트로 보기 포함)"
"CH-0039","2026-09-25 00:40","QF-092","모바일 과쯔 스크롤 구조","스크롤","원본: 페이지(창) 스크롤","보호 런타임의 안쪽 스크롤 상자(.mobile-scroll) 그대로. 칩 줄 고정·페이지 이동 뒤 위치는 그 상자 기준으로 원본과 같게","예정","페이지 스크롤로 바꾸려면 보호 파일 src/styles.css 의 body overflow hidden·.mobile-page 절대 위치와 src/mobile/MobileScroll 의 끌기·관성 처리를 덮어써야 함"
"CH-0040","2026-09-25 00:40","QF-092","모바일 칩 줄 스크롤","칩 누른 뒤 시트를 닫을 때","원본: 칩 줄이 끝까지 밀린 상태에서 시트를 닫으면 5px 덜 밀린 위치(190)로 한 번 움직임","우리는 그대로(195)","예정","원본 규칙을 찾지 못함(스냅·앵커링·최대값 아님). 비교 시나리오는 칩 줄이 밀리지 않는 전체 필터 경로로 확인"
"CH-0041","2026-09-25 00:40","QF-092","과쯔 샘플 화물 2대","사진","기존 트럭 아이콘을 사진 자리에","사진 없음 → 원본 카드 빈 사진 자리(#EBEBEB 회색 칸). RV 2대는 기존 카니발 사진(detail/raw-09.jpeg)","예정","새 이미지 없음"
"CH-0042","2026-09-25 14:20","QF-093","PC 과쯔 상단 패널","폭","876(목록 칸 안)","1200(본문 폭 전체). 안쪽 여백·모서리·배경·줄 간격은 그대로","예정","개발팀·디자이너 합의가 필요한 배치 변경"
"CH-0043","2026-09-25 14:20","QF-093","PC 과쯔 상단 패널","위치","목록 칸 안 맨 위(좌측 필터 오른쪽)","헤더 아래 24, 좌측 필터·목록 위를 가로지르는 전체 폭 영역(참고: 검트리 UK)","예정","개발팀·디자이너 합의가 필요한 배치 변경"
"CH-0044","2026-09-25 14:20","QF-093","PC 과쯔 차량 유형 줄 / 퀵필터 레일","폭","876","1200(레일 규격 96 · 카드 80×72 · 이미지 56×28 그대로). 1440에서 완전히 보이는 제조사 카드 9개 → 13개","예정","개발팀·디자이너 합의가 필요한 배치 변경"
"CH-0045","2026-09-25 14:20","QF-093","PC 과쯔 좌측 필터","시작 위치","헤더 아래 24(상단 패널과 같은 줄, y 141)","상단 영역 아래 24(목록 툴바와 같은 줄, 1440에서 y 412). 좌측 필터 윗선 = 목록 툴바 윗선","예정","개발팀·디자이너 합의가 필요한 배치 변경"
"CH-0046","2026-09-25 14:20","QF-093","PC 과쯔 좌측 필터","스크롤","원본: 페이지와 함께 올라감(고정 없음)","스크롤 상자(.mobile-scroll) 안 sticky: 화면 위 16에 붙어 따라오고, 화면보다 길면 필터 안에서 스크롤(스크롤바 숨김). 자기 칸 안에서만 움직여 푸터를 덮지 않음(QF-059)","예정","개발팀·디자이너 합의가 필요한 배치 변경"
"CH-0047","2026-09-25 14:20","QF-093","PC 과쯔 페이지 이동","스크롤 위치","목록 칸(상단 패널 포함) 위 16(원본 scrollY 125)","목록 툴바 윗선이 화면 위 16","예정","개발팀·디자이너 합의가 필요한 배치 변경"
"CH-0048","2026-09-25 14:20","QF-093","PC 과쯔 1024~1279","배치","원본: 좌측 필터 240 + 16 + 목록(1119 이하), 1024에서 가로 넘침","좌측 필터 숨김, 상단 영역·목록은 화면 폭 − 양옆 24(최대 1200)","예정","개발팀·디자이너 합의가 필요한 배치 변경"
"CH-0049","2026-09-25 14:20","QF-093","PC 과쯔 1024~1279","필터 칩·펼침판","원본: PC 필터 칩 비활성","이 폭에서만 필터 칩 활성 → 왼쪽 펼침판(폭 320, 딤 rgba(0,0,0,.5), 머리 ""필터""+닫기, 아래 [초기화][N대 보기], 바깥·닫기·Esc 로 닫힘, 뒤 스크롤 막음). 내용은 좌측 필터와 같은 부품·상태(참고: 트레이드미 Refine)","예정","개발팀·디자이너 합의가 필요한 배치 변경"
"CH-0050","2026-09-25 14:20","QF-093","PC 과쯔 1024 가로 넘침","푸터","원본: 푸터 두 구역 폭 1168 고정이라 1024에서 160·1100에서 84 넘침(원본도 같음)","과쯔 PC만 max-width 100%로 넘침 없음(1200 이상은 그대로 1168)","예정","개발팀·디자이너 합의가 필요한 배치 변경"
"CH-0051","2026-09-25 14:20","QF-093","PC 과쯔","PC 화면 시작 폭","820 이상 PC(820~1023 은 좌측 필터 240 배치)","1024 이상 PC, 1023 이하는 모바일 화면. 초톳·동처띠·초톳형 PC는 그대로 820","예정","개발팀·디자이너 합의가 필요한 배치 변경"
"CH-0052","2026-09-25 15:10","QF-093","PC 과쯔 헤더(1024~1279)","좌우 여백","원본: 헤더 좌우 16(본문은 24)","본문과 같은 24 — 로고 왼쪽 선 = 상단 영역 왼쪽 선. 1280 이상은 그대로(1200 가운데)","예정","개발팀·디자이너 합의가 필요한 배치 변경"
"CH-0053","2026-09-25 17:10","QF-095","PC 과쯔 상단 카드","여백·모서리","원본: 흰 머리(16/0/8/20) + 유형 줄(8/20/20), 모서리 12, 헤더 아래 24","초톳: 한 장 카드 안쪽 16/20, 모서리 12, 헤더 아래 16, 높이 263(아래 두 칸과 사이 24 는 QF-093 그대로)","예정","개발팀·디자이너 합의 필요(초톳 PC 상단 구조)"
"CH-0054","2026-09-25 17:10","QF-095","PC 과쯔 상단 카드","1줄 경로","원본: ""전체차량"" 한 단어(12 600 #222) + 부제","초톳: ""보배드림 / 중고차 / 전체차량 / 제조사 / 모델 / 세대"" 12/18 400 #8C8C8C, 마지막 700 #222, 사이 ""/""(지시 수치는 14px #222 ""›"" 였으나 초톳 실측을 따름). 누르면 그 단계로","예정","개발팀·디자이너 합의 필요(초톳 PC 상단 구조)"
"CH-0055","2026-09-25 17:10","QF-095","PC 과쯔 상단 카드","2줄 제목","원본: ""N대"" 16 600 + 검색저장 34 알약","초톳: ""[지역] [유형·제조사·모델] 중고차 N대 · YYYY년 M월"" 16/24 700 #222, 오른쪽 20 에 검색저장(높이 32 · 테두리 1 #DADADA · 14/20 700 · 안쪽 0 12 0 8)","예정","개발팀·디자이너 합의 필요(초톳 PC 상단 구조)"
"CH-0056","2026-09-25 17:10","QF-095","PC 과쯔 칩 줄","칩 모양","원본: 32 · #F4F4F4 · 14 600 · 안쪽 6/8/6/12 · 셰브론 선","초톳: 32 · 알약 · #F4F4F4 · 14/20 500 #222 · 안쪽 4/12 · 사이 8 · 채운 삼각형 20. 필터 칩도 같은 모양(아이콘 20)","예정","개발팀·디자이너 합의 필요(초톳 PC 상단 구조)"
"CH-0057","2026-09-25 17:10","QF-095","PC 과쯔 칩 줄","적용 칩","원본: #222 · 흰 글자 · × 20(흰 선)","초톳: #222 · 흰 글자 · × 14(회색 #8C8C8C 원 + 흰 ×), 글자와 × 사이 6","예정","개발팀·디자이너 합의 필요(초톳 PC 상단 구조)"
"CH-0058","2026-09-25 17:10","QF-095","PC 과쯔 칩 줄","필터 초기화 · 스크롤","원본: 없음(줄바꿈 없이 넘침)","초톳: 줄 오른쪽 끝 ""필터 초기화""(14/20 700 #222, 걸린 조건 없으면 숨김, 좌측 필터 초기화와 같은 확인 창). 칩이 넘치면 가로 스크롤 + 화살표 28(스크롤 영역 오른쪽 90 비움)","예정","개발팀·디자이너 합의 필요(초톳 PC 상단 구조)"
"CH-0059","2026-09-25 17:10","QF-095","PC 과쯔 유형 줄","칸 규격","원본: 칸 60(아이콘 원 44 · 그림 24 · 이름 14 500 #595959 줄 19.6), 사이 18, 위 8 아래 20","초톳 브랜드 줄: 칸 84×102 · 사이 8(피치 92) · 아이콘 40(칸 위 6, 그림 22) · 이름 14/21 400 #595959(지시 수치는 #222 였으나 초톳 실측을 따름). 4줄 영역 높이 110 고정(레일 96 은 가운데) — 레일 규격 그대로","예정","개발팀·디자이너 합의 필요(초톳 PC 상단 구조)"
"CH-0060","2026-09-25 17:10","QF-095","PC 과쯔 목록 툴바","목록형 버튼 상자","원본 24","우리 21 이던 것을 원본 24 로(원본과 같은 반 픽셀 위치 — 보기 방식 드롭다운 대조 3.5% → 0%)","예정","개발팀·디자이너 합의 필요(초톳 PC 상단 구조)"
"CH-0061","2026-09-27 14:30","QF-096","PC 좌측 필터 제조사 목록(과쯔)","로고","원본: 로고 없음(이름·매물 수만)","이름 앞 로고 칸 24×24(비율 유지, 가운데), 로고와 이름 사이 8, 로고 없는 행은 빈 칸으로 이름 시작선 맞춤. 행 높이 39.6·이름 글자·매물 수·정렬·선택 동작은 원본 그대로","예정","로고 파일 출처: 당근 중고차 필터·오토홈 브랜드 페이지(CREDITS.md). kgm·renault 는 임시"
"CH-0062","2026-09-27 14:30","QF-096","퀵필터 제조사 줄(과쯔 PC·모바일)","순서·구분선","기존: 제조사 레일 옵션 순서(동처띠 로고)","좌측 필터와 같은 순서(국산 → 구분선 1×44 #E4E7EC 좌우 4 → 수입차 인기 → 수입차 이름순 나머지). 0대·기타 국산차·기타 수입차 제외(매물 수는 좌측 필터 표시 숫자 기준)","예정","로고 파일 출처: 당근 중고차 필터·오토홈 브랜드 페이지(CREDITS.md). kgm·renault 는 임시"
"CH-0063","2026-09-27 14:30","QF-096","퀵필터 제조사 줄(과쯔 PC·모바일)","라벨·위치","기존: 왼쪽 라벨 ""제조사"" 칸, 칩 줄 아래 PC 29·모바일 22","라벨 없이 첫 카드 왼쪽 선 = 첫 칩 왼쪽 선(PC 카드 안 20, 모바일 16), 칩 줄 → 카드 줄 PC 18·모바일 16(초톳 기준). 레일 96·카드 80×72·로고 칸 48×28 은 그대로","예정","로고 파일 출처: 당근 중고차 필터·오토홈 브랜드 페이지(CREDITS.md). kgm·renault 는 임시"
"CH-0064","2026-09-27 14:30","QF-096","퀵필터 제조사 카드(과쯔)","로고 크기","기존: 엠블럼 28 · 글자 로고 44","비율 1.25 이하 높이 28(폭 최대 44) · 1.25~2.5 폭 min(44, 28√비율) · 2.5 초과(글자 로고) 폭 64(칸 밖으로, 카드 80 안), 가로·세로 가운데. 로고 파일은 public/assets/brand/kr(당근·오토홈)","예정","로고 파일 출처: 당근 중고차 필터·오토홈 브랜드 페이지(CREDITS.md). kgm·renault 는 임시"
"CH-0065","2026-09-27 14:30","QF-096","제조사 칩 모달·시트(과쯔)","로고","기존: 퀵필터 동처띠 로고","승용 제조사 로고(brand/kr) 24×24, 로고 없는 행은 빈 칸","예정","로고 파일 출처: 당근 중고차 필터·오토홈 브랜드 페이지(CREDITS.md). kgm·renault 는 임시"
"CH-0066","2026-09-27 16:10","QF-096","퀵필터 제조사 카드(과쯔)","카드 글자","좌측 필터 표기(쉐보레(국산) · 르노코리아(삼성) · KG모빌리티(쌍용))","카드에만 짧은 이름: 쉐보레 · 르노코리아 · KGM, 그 밖에 괄호 앞까지. 좌측 필터·칩 모달·시트·필터 적용·칩 줄·경로·제목은 원래 표기","예정","80 칸에서 잘리는 이름 없음"
"CH-0067","2026-09-27 16:10","QF-096","전체 필터 ""제조사 · 모델"" 차종 시트(과쯔)","로고","기존: 동처띠 로고 타일(76×68)","과쯔 모드만 이름 앞 로고 24×24 · 사이 8(좌측 필터와 같은 규칙), 로고 없으면 빈 칸. 공용 부품이라 renderMakerLogo 를 넘길 때만 켬 — 초톳·동처띠 그대로","예정","대응 없는 리막·루시드는 빈 칸"
"CH-0068","2026-09-27 17:00","QF-093","PC 과쯔 좌측 필터","스크롤","QF-093: sticky top 16 + 높이 화면 − 32 + 칸 안 스크롤(제조사·모델이 펼쳐져 나머지 항목이 칸 안 스크롤 아래로 숨음)","칸 안 스크롤·높이 고정 없음, 아래 붙는 사이드바(top = min(16, 화면 − 필터 높이 − 16)): 길면 맨 아래가 화면 아래 16에 붙고 다시 올리면 원래 자리로, 짧으면 위 16. 펼치고 접으면 바로 다시 맞춤. 27개 항목·제조사·모델 제외하기·1024~1279 펼침판은 그대로","예정","개발팀·디자이너 합의가 필요한 배치 변경(원본은 고정 없음)"
"CH-0071","2026-09-27 19:30","QF-097","과쯔 퀵필터 모델·세부 모델 카드 · 좌측 필터 모델/등급 · 모델 칩 모달·시트 · 차종 시트(9개 제조사)","데이터","퀵필터 샘플 모델 목록(예: 현대 4개·포르쉐 3개), 벤츠·BMW 외에는 세대 단계 없음","개발 시안 카탈로그 스냅숏(벤츠 38·BMW 37·현대 42·기아 34·포르쉐 9·페라리 21·람보르기니 6·벤틀리 5·롤스로이스 7 모델, 매물 있는 것만). 모델 → 세부 모델 → (코드가 같은 기존 세대가 있으면) 트림. 세부 모델 카드: 큰 글자 코드(+HEV)/N세대/연식, 작은 글자 부분변경·연식","예정","개발 시안 원본과 같은 카탈로그. 0대 모델·세부 모델은 숨김(제조사 줄과 같은 규칙). CH-0069·0070 은 PR #87(QF-096 보완 2)에서 씀"
"CH-0072","2026-09-27 19:30","QF-097","과쯔 모델·세부 모델 카드","이미지","모델 카드: 벤츠·BMW 일부만 기존 이미지, 세대 카드: 없으면 모델 이미지로 대체","보배드림 카탈로그 이미지 322 · 당근(코드·세대·단일 일치) 29 · 없음 98(점선 56×28 빈 칸, 모델 이미지로 대체하지 않음). 168×84 PNG, 폭 56·넘치면 높이 맞춤·아래 정렬","예정","당근은 연식·코드를 주지 않아 이름만 같은 연결은 하지 않음(추측 금지)"
"CH-0069","2026-09-27 18:00","QF-096","과쯔 제조사 로고(퀵필터 줄·좌측 필터·칩 모달·시트)","로고 파일","kgm(원형 엠블럼 임시)·citroen·jaguar(리퍼)·renault(66×86 임시)·lancia·hino 이전 파일","같은 파일명으로 교체: KGM 2023 새 CI · 시트로엥 2022 · 재규어 2024-11 · 르노 2021 마름모(85×112) · 란치아 2022 · 히노 2026. 출처 위키백과 정보 상자(위키미디어) 원본 파일, manifest 에 출처·연도·official:false 기록. kgm·renault replaceWithOfficial:false","예정","벤틀리는 2025 파일·연도 확인 불가로 그대로. KGM·재규어가 가로 글자 로고로 바뀌어 퀵필터 카드에서 폭 64(글자 로고 규칙)로 보임"
"CH-0070","2026-09-27 18:00","QF-096","PC 좌측 필터·펼침판 · 제조사 칩 모달 · 모바일 제조사 시트 · 차종 시트(과쯔)","로고 칸","로고 칸 24×24, 칸 안에 비율 유지(원본 개발 시안은 로고 칸 24×24)","로고 칸 32×24, 가운데. 비율 1.25 이하 높이 20 · 1.25 초과 폭 min(32, 20√비율), 높이 = 폭÷비율. 로고↔이름 8, 행 높이 39.6 그대로, 로고 없으면 32 칸 비움","예정","원본과 다름(가로 글자 로고가 24 폭에서 너무 작아 보여 넓힘)"
"CH-0073","2026-09-27 21:00","QF-096","과쯔 퀵필터 제조사 카드 · 좌측 필터·칩 모달·시트·차종 시트 로고","로고 크기","퀵필터: 비율 1.25 이하 높이 28 · 2.5 이하 폭 min(44, 28√비율) · 초과 폭 64 / 목록: 1.25 이하 높이 20 · 초과 폭 min(32, 20√비율)","높이 밸런스: 퀵필터 높이 min(28, 24×비율^-0.35)·폭 72 한도(예: 벤츠 24×24, 현대 38×19, 기아 61×14, 허머 72×8, 링컨 13×28) / 목록 높이 min(22, 18×비율^-0.35)·폭 32 한도","예정","원본 개발 시안에 없는 규칙(QF-096 보완 3). 재규어는 원본 색(#4B494C) 그대로라 다시 만들지 않음"
"CH-0074","2026-09-27 22:00","QF-097","과쯔 퀵필터 모델 줄 · 좌측 필터 모델 목록 · 차종 시트","순서","숫자 → 영문 → 가나다 → 기타","엔카 기준: 숫자로 시작하는 현행 모델(BMW 1~8시리즈·포르쉐 718/911 등) → 영문 → 가나다 → 숫자로 시작하는 구형 모델(세부 모델에 ~현재 없음: 벤츠 190·280, BMW 6시리즈 등) → 기타. 벤츠 A클래스=A-클래스","예정","현행 숫자 모델 위치는 지시에 없어 엔카처럼 맨 앞에 둠"
"CH-0075","2026-09-27 22:00","QF-097","과쯔 퀵필터 모델·세부 모델 카드 · 좌측 필터 · 칩 모달 · 차종 시트","매물 수","카탈로그 매물 수(보배드림 실제 수) 1대 이상 카드 표시, 누르면 샘플 매물 0대가 되는 경우 있음","화면 샘플 매물 수 하나로: 퀵필터 카드는 1대 이상만, 좌측 필터·칩 모달·차종 시트는 0대도 표시(흐리게·비활성). 매물 한 대는 제목 앞부분이 가장 길게 맞는 모델 하나에만 연결(벤츠 220 ↔ C 220d, 아이오닉 ↔ 아이오닉 5 같은 이름 일부 연결 제거)","예정","전수 점검 PC 1440·1280 · 모바일 393 모두 0대 없음"
"CH-0076","2026-09-27 22:00","QF-097","과쯔 상단 칩 줄","차종 칩","제조사·모델·세대를 합친 요약 칩 하나(× 는 가장 깊은 단계부터)","단계별 검정 적용 칩 [벤츠 ×][C클래스 ×][W206 ×]. 각 × 는 그 단계부터 아래만 해제(세부모델 × → 세부모델 줄, 모델 × → 모델 줄, 제조사 × → 제조사 줄). 칩을 누르면 차종 시트. 경로·제목은 그대로 이어 씀. 줄 이름표 세대 → 세부모델","예정","docs 규격의 요약 칩(220 최대폭) 규칙을 과쯔에서 대체"
"CH-0077","2026-09-27 23:00","QF-096","과쯔 퀵필터 제조사 카드 로고","로고 크기","높이 밸런스(높이 min(28, 24×비율^-0.35), 폭 72 한도, 칸 밖으로 넓게)","시안 v1 규격 복원: 로고 칸 48×28(카드 위 8 · 가로 가운데), 1.25 이하 폭 min(44, 28×비율)·높이 min(28, 폭÷비율), 1.25 초과 폭 min(44, 28√비율)·높이 폭÷비율. 모든 로고가 칸 안(칸 밖 0개)","예정","이전 '로고 틀 56×26'·'정사각 36×36'·'글자 로고 폭 64'·'폭 72 밸런스' 규칙 취소"
"CH-0078","2026-09-27 23:00","QF-096","좌측 필터·펼침판·칩 모달·모바일 제조사 시트·차종 시트","로고 칸","32×24(높이 min(22, 18×비율^-0.35), 폭 32 한도)","24×24, 비율 유지로 칸 안(contain) 가운데. 로고↔이름 8 · 행 39.6 그대로","예정","원본 개발 시안과 같은 24×24 로 돌아감"
"CH-0079","2026-09-27 23:00","QF-096","&debug=1 배지","디버그 도구","버전 배지만","배지 옆 체크박스 '로고 칸 안내선': 48×28 · 56×28 · 24×24 칸에 1px #E5484D 점선(outline)과 연한 빨강 세로 중심선, 칸 밖으로 나간 로고·이미지에 빨간 점 8px. 켠 상태는 브라우저 저장소에 기억, 레이아웃 변화 0","예정","debug 가 없으면 보이지 않음(화면 변화 0)"
"CH-0080","2026-09-27 23:00","QF-097","PC 과쯔 상단 제목 · BMW 모델 순서","제목 · 순서","제목은 제조사·모델까지, BMW 6시리즈는 구형 숫자 모델로 맨 뒤","제목에 세부모델까지 이어 씀(벤츠 C클래스 W206 중고차 N대 · 2026년 9월, N = 목록 수). BMW N시리즈(1~8시리즈)는 ~현재가 없어도 숫자 순서대로 앞(1→…→6→7→8시리즈 → i3). 맨 뒤 구형 숫자 모델은 벤츠 190·220·280·600, BMW 02 시리즈, 포르쉐 356 등","예정","-"
"CH-0081","2026-09-27 23:59","QF-100","과쯔 퀵필터 제조사·모델·세부모델 줄(&qfcard=plain 일 때만)","모양","과쯔 카드(80×72 #F7F8FC, 로고 칸 48×28)","초톳식 바탕 없는 칸: PC 84×102·피치 92·로고 상자 40×40(위 6)·이름 14/21 400 #595959(아래 14) / 모바일 64×74·피치 72·상자 36×36(위 0)·이름 12/18 500(아래 2). 모델·세부모델 줄 같은 칸 폭, 이름 600 #222, 보조 글자 #8C8C8C, 모델은 매물 수. 선택 표시 없음, 누를 때 opacity 0.6","예정","시안 비교용 — 주소 옵션이 없으면 화면 변화 0(배포본과 픽셀 같음)"
"CH-0082","2026-09-27 23:59","QF-100","plain 모드 간격","간격","(지시) 칩 줄 → 제조사 줄 PC 18 · 모바일 16, 첫 칸 = 첫 칩","초톳 실측: 브랜드 줄 바로 위 칩 줄과 PC 16 · 모바일 10, 모바일 첫 칸은 첫 칩보다 4 왼쪽(칸 안 여백 4)","예정","초톳은 필터 칩 줄과 브랜드 줄 사이에 지역 칩 줄이 있음(필터 칩 → 지역 칩 PC 18 · 모바일 14)"
"CH-0083","2026-09-27 23:59","QF-100","plain 모드 로고 크기","로고","-","로고 상자 안 엠블럼(비율 1.25 이하) 긴 변 82% · 가로형 폭 100% · 가운데(초톳 실측 평균)","예정","초톳 기아(원본 그림이 작음)·토요타(폭 92%)와는 다름"
"CH-0084","2026-09-28 00:30","QF-100","과쯔 퀵필터 제조사·모델·세부모델 줄","기본 모양","과쯔 카드(80×72 #F7F8FC) 기본, plain 은 &qfcard=plain 일 때만","plain(바탕 없는 초톳식) 기본. &qfcard=card 로 이전 과쯔 카드(비교용, 배포본 ed527d0 과 픽셀 같음), &qfcard=plain 도 동작","예정","-"
"CH-0085","2026-09-28 00:30","QF-100","plain 칩 줄 → 퀵필터 줄 간격","간격","PC 16 · 모바일 10(초톳 지역 칩 줄 → 브랜드 줄)","PC 18 · 모바일 14(초톳 필터 칩 줄 → 지역 칩 줄 값, 과쯔에는 지역 칩 줄이 없음). 제조사·모델·세부모델 줄 모두","예정","지역 칩 줄이 생기면 그 줄 → 제조사 줄 PC 16 · 모바일 10(qf-plain.css 주석)"
"CH-0086","2026-09-28 00:30","QF-100","과쯔 모델 카드 보조 글자","보조 글자","plain 은 매물 수(예: 3대), card 는 차종","두 모양 모두 차종(해치백·세단·SUV 등). 세부모델 카드는 연식 그대로, 매물 수는 뺌","예정","-"
