제조사,파일명,선택_출처,원본_파일,분류,가시_w_css_px,가시_h_css_px,슬롯_css_px,캔버스_px
현대,001_Hyundai.png,이처,한국_현대_现代.png,symbol-wide,29,18,40x40,120x120
제네시스,007_Genesis.png,이처,한국_제네시스_捷尼赛思.png,wordmark-wide,36,7,40x40,120x120
기아,002_Kia.png,이처,한국_기아_起亚.png,wordmark-wide,36,8,40x40,120x120
쉐보레(GM대우),003_ChevroletGMDaewoo.png,이처,미국_쉐보레_雪佛兰.png,wordmark-wide,36,12,40x40,120x120
르노코리아(삼성),005_Renault_KoreaSamsung.png,이처,한국_르노삼성_雷诺三星.png,symbol-wide,30,18,40x40,120x120
KG모빌리티(쌍용),004_KG_Mobility_Ssangyong.png,이처,한국_KGM(쌍용)_KGM.png,symbol-wide,29,18,40x40,120x120
BMW,012_BMW.png,이처,독일_BMW_宝马.png,round-square,30,30,40x40,120x120
BYD,090_BYD.png,이처,중국(한국시판)_BYD_比亚迪.png,wordmark-wide,36,7,40x40,120x120
GMC,056_GMC.png,기존 보강,056_GMC.png,wordmark-wide,36,8,40x40,120x120
닛산,033_Nissan.png,이처,일본_닛산_日产.png,round-square,30,25,40x40,120x120
다이하쯔,051_Daihatsu.png,이처,일본_다이하쓰_大发.png,wordmark-wide,31,12,40x40,120x120
닷지,034_Dodge.png,이처,미국_닷지_道奇.png,wordmark-wide,36,5,40x40,120x120
도요타,031_Toyota.png,이처,일본_토요타_丰田.png,symbol-wide,27,18,40x40,120x120
동풍소콘,088_DFSK.png,기존 보강,088_DFSK.png,round-square,30,30,40x40,120x120
람보르기니,049_Lamborghini.png,이처,이탈리아_람보르기니_兰博基尼.png,round-square,26,30,40x40,120x120
랜드로버,020_Land_Rover.png,이처,영국_랜드로버_路虎.png,symbol-wide,34,18,40x40,120x120
렉서스,035_Lexus.png,이처,일본_렉서스_雷克萨斯.png,symbol-wide,25,18,40x40,120x120
로터스,069_Lotus.png,이처,영국_로터스_莲花跑车.png,round-square,30,30,40x40,120x120
롤스로이스,047_Rolls_Royce.png,이처,영국_롤스로이스_劳斯莱斯.png,round-square,26,30,40x40,120x120
르노,078_Renault.png,이처,프랑스_르노_雷诺.png,crest-tall,21,30,40x40,120x120
링컨,044_Lincoln.png,이처,미국_링컨_林肯.png,crest-tall,9,30,40x40,120x120
마세라티,053_Maserati.png,이처,이탈리아_마세라티_玛莎拉蒂.png,crest-tall,23,30,40x40,120x120
마이바흐,080_Maybach.png,이처,독일_마이바흐_迈巴赫.png,symbol-wide,24,18,40x40,120x120
마쯔다,029_Mazda.png,이처,일본_마쓰다_马自达.png,round-square,30,24,40x40,120x120
맥라렌,084_Mclaren.png,이처,영국_맥라렌_迈凯伦.png,wordmark-wide,36,4,40x40,120x120
미니,054_Mini.png,이처,영국_미니_MINI.png,symbol-wide,36,16,40x40,120x120
미쯔비시,030_Mitsubishi.png,이처,일본_미쓰비시_三菱.png,round-square,30,27,40x40,120x120
미쯔오까,059_Mitsuoka.png,이처,일본_미쓰오카_光冈.png,round-square,25,30,40x40,120x120
벤츠,013_Mercedes_Benz.png,이처,독일_메르세데스-벤츠_奔驰.png,round-square,30,30,40x40,120x120
벤틀리,050_Bentley.png,이처,영국_벤틀리_宾利.png,wordmark-wide,36,10,40x40,120x120
볼보,017_Volvo.png,이처,스웨덴_볼보_沃尔沃.png,round-square,30,30,40x40,120x120
북기은상,086_Baic_Yinxiang.png,기존 보강,086_Baic_Yinxiang.png,symbol-wide,28,18,40x40,120x120
사브,016_Saab.png,이처,스웨덴_사브_萨博.png,round-square,30,30,40x40,120x120
사이언,082_Scion.png,이처,일본_사이언_Scion.png,symbol-wide,26,18,40x40,120x120
신위안,092_Xin_yuan.png,기존 보강,092_Xin_yuan.png,symbol-wide,29,18,40x40,120x120
쉐보레,038_Chevrolet.png,이처,미국_쉐보레_雪佛兰.png,wordmark-wide,36,12,40x40,120x120
스마트,081_Smart.png,이처,독일_스마트_smart.png,round-square,30,28,40x40,120x120
스바루,052_Subaru.png,이처,일본_스바루_斯巴鲁.png,symbol-wide,36,18,40x40,120x120
스즈키,037_Suzuki.png,이처,일본_스즈키_铃木.png,round-square,26,30,40x40,120x120
시트로엥/DS,022_Citroen_DS.png,이처,프랑스_시트로엥_雪铁龙.png,round-square,30,27,40x40,120x120
아우디,011_Audi.png,이처,독일_아우디_奥迪.png,wordmark-wide,34,12,40x40,120x120
알파 로메오,040_Alfa_Romeo.png,이처,이탈리아_알파로메오_阿尔法·罗密欧.png,round-square,30,30,40x40,120x120
애스턴마틴,070_Astonmartin.png,이처,영국_애스턴마틴_阿斯顿·马丁.png,wordmark-wide,36,8,40x40,120x120
어큐라,057_Acura.png,이처,일본_어큐라_讴歌.png,round-square,30,29,40x40,120x120
이네오스,093_Ineos.png,이처,영국_이네오스_英力士.png,round-square,30,30,40x40,120x120
인피니티,058_Infiniti.png,이처,일본_인피니티_英菲尼迪.png,symbol-wide,36,17,40x40,120x120
재규어,019_Jaguar.png,이처,영국_재규어_捷豹.png,symbol-wide,36,14,40x40,120x120
지리,094_Geely.png,기존 보강,094_Geely.png,wordmark-wide,36,11,40x40,120x120
지프,083_Jeep.png,이처,미국_지프_Jeep.png,wordmark-wide,30,12,40x40,120x120
캐딜락,043_Cadillac.png,이처,미국_캐디락_凯迪拉克.png,wordmark-wide,30,12,40x40,120x120
크라이슬러,023_Chrysler.png,이처,미국_크라이슬러_克莱斯勒.png,wordmark-wide,36,3,40x40,120x120
테슬라,087_Tesla.png,이처,미국_테슬라_特斯拉.png,round-square,30,30,40x40,120x120
페라리,041_Ferrari.png,이처,이탈리아_페라리_法拉利.png,crest-tall,21,30,40x40,120x120
포드,024_Ford.png,이처,미국_포드_福特.png,wordmark-wide,32,12,40x40,120x120
포르쉐,015_Porsche.png,이처,독일_포르쉐_保时捷.png,crest-tall,23,30,40x40,120x120
폭스바겐,014_Volkswagen.png,이처,독일_폭스바겐_大众.png,round-square,30,30,40x40,120x120
폴스타,089_Polestar.png,이처,스웨덴_폴스타_Polestar极星.png,round-square,30,30,40x40,120x120
푸조,021_Peugeot.png,이처,프랑스_푸조_标致.png,round-square,28,30,40x40,120x120
피아트,018_Fiat.png,이처,이탈리아_피아트_菲亚特.png,symbol-wide,24,18,40x40,120x120
험머,048_Hummer.png,이처,미국_허머_悍马.png,wordmark-wide,36,4,40x40,120x120
혼다,027_Honda.png,이처,일본_혼다_本田.png,round-square,30,24,40x40,120x120
DS(시트로엥/DS 보조),022b_DS.png,이처,프랑스_DS.png,round-square,25,30,40x40,120x120
