file,original,trimmed,placedX,placedY,placedW,placedH,measuredX,measuredY,measuredW,measuredH,bottom,heightCapped,meanLuma,meanSat
"truck_format_bus_v01.png","1729x910","1683x800",8.8,12,210.4,100,9,12,210,100,111,true,135,0.04
"truck_format_camper_trailer_v01.png","1536x1024","1446x853",29.2,12,169.5,100,29,12,170,100,111,true,158,0.05
"truck_format_cargo_v01.png","1729x910","1657x815",12.3,12,203.3,100,12,12,204,100,111,true,125,0.05
"truck_format_crane_v01.png","1729x910","1693x873",17,12,193.9,100,17,12,194,100,111,true,112,0.09
"truck_format_dump_heavy_v01.png","1729x910","1692x874",17.2,12,193.6,100,17,12,194,100,111,true,124,0.05
"truck_format_live_fish_v01.png","1536x1024","1451x797",23,12,182.1,100,23,12,182,100,111,true,127,0.14
"truck_format_other_v01.png","1729x910","1641x824",14.4,12,199.2,100,14,12,200,100,111,true,148,0.07
"truck_format_tanker_v01.png","1728x910","1678x756",3,12,222,100,3,12,222,100,111,true,123,0.07
"truck_format_tractor_v01.png","1536x1024","1462x941",36.3,12,155.4,100,36,12,156,100,111,true,121,0.07
"truck_format_trailer_v01.png","1728x910","1664x733",2,13.3,224,98.7,2,13,224,99,111,false,152,0.05
"truck_format_vehicle_transport_v01.png","1729x910","1659x692",2,18.6,224,93.4,2,19,224,93,111,false,109,0.09
"truck_format_waste_transport_v01.png","1729x910","1660x823",13.1,12,201.7,100,13,12,202,100,111,true,149,0.04
"truck_format_wingbody_top_v01.png","1536x1024","1457x878",31,12,165.9,100,31,12,166,100,111,true,155,0.06
"truck_subtype_auger_crane_v01.png","1729x910","1675x872",18,12,192.1,100,18,12,192,100,111,true,113,0.06
"truck_subtype_bucket_truck_v01.png","1729x910","1626x839",17.1,12,193.8,100,17,12,194,100,111,true,132,0.06
"truck_subtype_bulk_cement_trailer_v01.png","1727x911","1659x756",4.3,12,219.4,100,4,12,220,100,111,true,142,0.05
"truck_subtype_bus_other_v01.png","1729x910","1470x758",17,12,193.9,100,17,12,194,100,111,true,142,0.07
"truck_subtype_bus_v01.png","1729x910","1677x670",2,22.5,224,89.5,2,23,224,89,111,false,135,0.07
"truck_subtype_camper_trailer_v01.png","1729x910","1631x710",2,14.5,224,97.5,2,14,224,98,111,false,175,0.05
"truck_subtype_car_carrier_v01.png","1729x910","1663x804",10.6,12,206.8,100,11,12,206,100,111,true,118,0.06
"truck_subtype_cargo_crane_v01.png","1729x910","1589x731",5.3,12,217.4,100,5,12,218,100,111,true,113,0.11
"truck_subtype_cargo_v01.png","1536x1024","1463x758",17.5,12,193,100,17,12,194,100,111,true,132,0.07
"truck_subtype_chemical_tanker_v01.png","1729x910","1700x810",9.1,12,209.9,100,9,12,210,100,111,true,133,0.06
"truck_subtype_city_walkthrough_van_v01.png","1729x910","1584x815",16.8,12,194.4,100,17,12,194,100,111,true,168,0.05
"truck_subtype_compression_refuse_v01.png","1729x910","1646x762",6,12,216,100,6,12,216,100,111,true,131,0.05
"truck_subtype_concrete_mixer_v01.png","1729x910","1671x805",10.2,12,207.6,100,10,12,208,100,111,true,132,0.05
"truck_subtype_container_chassis_v01.png","1728x910","1643x464",2,48.7,224,63.3,2,49,224,63,111,false,117,0.04
"truck_subtype_dry_box_powergate_v01.png","1729x910","1644x777",8.2,12,211.6,100,8,12,212,100,111,true,159,0.05
"truck_subtype_dry_box_v01.png","1729x910","1571x760",10.6,12,206.7,100,11,12,206,100,111,true,157,0.04
"truck_subtype_dual_temperature_box_v01.png","1729x910","1512x788",18.1,12,191.9,100,18,12,192,100,111,true,153,0.07
"truck_subtype_dump_trailer_v01.png","1728x910","1656x759",4.9,12,218.2,100,5,12,218,100,111,true,142,0.06
"truck_subtype_dump_v01.png","1729x910","1678x785",7.1,12,213.8,100,7,12,214,100,111,true,127,0.04
"truck_subtype_excavator_v01.png","1727x910","1551x870",24.9,12,178.3,100,25,12,178,100,111,true,107,0.1
"truck_subtype_extra_high_dry_box_powergate_v01.png","1729x910","1458x836",26.8,12,174.4,100,27,12,174,100,111,true,165,0.05
"truck_subtype_extra_high_dry_box_v01.png","1729x910","1500x837",24.4,12,179.2,100,24,12,180,100,111,true,164,0.06
"truck_subtype_extra_high_frozen_box_powergate_v01.png","1729x910","1621x801",12.8,12,202.4,100,13,12,202,100,111,true,165,0.06
"truck_subtype_extra_high_frozen_box_v01.png","1729x910","1495x854",26.5,12,175.1,100,26,12,176,100,111,true,165,0.04
"truck_subtype_extra_high_refrigerated_box_powergate_v01.png","1729x910","1598x802",14.4,12,199.3,100,14,12,200,100,111,true,163,0.05
"truck_subtype_extra_high_refrigerated_box_v01.png","1729x910","1586x846",20.3,12,187.5,100,20,12,188,100,111,true,168,0.05
"truck_subtype_feed_carrier_v01.png","1729x910","1670x835",14,12,200,100,14,12,200,100,111,true,145,0.04
"truck_subtype_flatbed_trailer_v01.png","1729x910","1660x583",2,33.3,224,78.7,2,33,224,79,111,false,112,0.05
"truck_subtype_food_waste_v01.png","1729x910","1609x727",3.3,12,221.3,100,3,12,222,100,111,true,128,0.08
"truck_subtype_forklift_v01.png","1729x910","1438x857",30.1,12,167.8,100,30,12,168,100,111,true,97,0.04
"truck_subtype_frozen_box_powergate_v01.png","1729x910","1621x801",12.8,12,202.4,100,13,12,202,100,111,true,158,0.07
"truck_subtype_frozen_box_v01.png","1729x910","1524x798",18.5,12,191,100,19,12,190,100,111,true,164,0.03
"truck_subtype_frozen_wing_v01.png","1536x1024","1471x978",38.8,12,150.4,100,39,12,150,100,111,true,151,0.05
"truck_subtype_fuel_liquid_tanker_v01.png","1729x910","1671x757",3.6,12,220.7,100,4,12,220,100,111,true,129,0.07
"truck_subtype_fuel_liquid_trailer_v01.png","1729x910","1661x737",2,12.6,224,99.4,2,13,224,99,111,false,133,0.06
"truck_subtype_grain_trailer_v01.png","1728x910","1666x771",6,12,216.1,100,6,12,216,100,111,true,154,0.03
"truck_subtype_grapple_truck_v01.png","1729x910","1627x865",20,12,188.1,100,20,12,188,100,111,true,93,0.09
"truck_subtype_heated_wing_v01.png","1536x1024","1446x934",36.6,12,154.8,100,37,12,154,100,111,true,147,0.1
"truck_subtype_heavy_other_v01.png","1729x910","1676x862",16.8,12,194.4,100,17,12,194,100,111,true,91,0.07
"truck_subtype_hook_lift_v01.png","1729x910","1668x708",2,16.9,224,95.1,2,17,224,95,111,false,111,0.08
"truck_subtype_insulated_box_v01.png","1729x910","1598x798",13.9,12,200.3,100,14,12,200,100,111,true,159,0.05
"truck_subtype_insulated_wing_v01.png","1536x1024","1453x939",36.6,12,154.7,100,37,12,154,100,111,true,158,0.04
"truck_subtype_ladder_truck_v01.png","1729x910","1630x833",16.2,12,195.7,100,16,12,196,100,111,true,119,0.07
"truck_subtype_live_fish_v01.png","1730x909","1644x727",2,12.9,224,99.1,2,13,224,99,111,false,122,0.13
"truck_subtype_live_line_aerial_v01.png","1729x910","1650x861",18.2,12,191.6,100,18,12,192,100,111,true,153,0.06
"truck_subtype_low_floor_dry_box_powergate_v01.png","1729x910","1541x737",9.5,12,209.1,100,9,12,210,100,111,true,165,0.04
"truck_subtype_low_floor_dry_box_v01.png","1729x910","1608x684",2,16.7,224,95.3,2,17,224,95,111,false,174,0.04
"truck_subtype_low_floor_frozen_box_v01.png","1729x910","1634x772",8.2,12,211.7,100,8,12,212,100,111,true,166,0.06
"truck_subtype_low_floor_refrigerated_box_powergate_v01.png","1729x910","1593x775",11.2,12,205.5,100,11,12,206,100,111,true,163,0.06
"truck_subtype_low_floor_refrigerated_box_v01.png","1729x910","1570x785",14,12,200,100,14,12,200,100,111,true,170,0.05
"truck_subtype_low_floor_wingbody_v01.png","1536x1024","1423x730",16.5,12,194.9,100,17,12,194,100,111,true,159,0.05
"truck_subtype_lowbed_trailer_v01.png","1729x910","1659x592",2,32.1,224,79.9,2,32,224,80,111,false,129,0.07
"truck_subtype_lpg_lng_tanker_v01.png","1729x910","1646x706",2,15.9,224,96.1,2,16,224,96,111,false,137,0.05
"truck_subtype_lpg_lng_trailer_v01.png","1729x910","1663x746",2.5,12,222.9,100,3,12,222,100,111,true,146,0.08
"truck_subtype_mobile_ad_emergency_v01.png","1729x910","1588x796",14.3,12,199.5,100,14,12,200,100,111,true,150,0.05
"truck_subtype_mobile_bath_v01.png","1729x910","1631x788",10.5,12,207,100,11,12,206,100,111,true,156,0.05
"truck_subtype_mobile_crane_other_v01.png","1729x910","1561x836",20.6,12,186.7,100,21,12,186,100,111,true,105,0.09
"truck_subtype_mobile_sprayer_v01.png","1728x910","1682x782",6.5,12,215.1,100,6,12,216,100,111,true,127,0.08
"truck_subtype_motorhome_v01.png","1729x910","1495x837",24.7,12,178.6,100,25,12,178,100,111,true,167,0.05
"truck_subtype_multipurpose_box_v01.png","1729x910","1579x745",8,12,211.9,100,8,12,212,100,111,true,150,0.04
"truck_subtype_other_box_v01.png","1729x910","1594x758",8.9,12,210.3,100,9,12,210,100,111,true,150,0.05
"truck_subtype_other_v01.png","1729x910","1585x762",10,12,208,100,10,12,208,100,111,true,159,0.05
"truck_subtype_powder_tanker_v01.png","1729x910","1659x785",8.3,12,211.3,100,8,12,212,100,111,true,138,0.07
"truck_subtype_powergate_v01.png","1536x1024","1474x661",2.5,12,223,100,3,12,222,100,111,true,132,0.04
"truck_subtype_recycling_collector_v01.png","1729x910","1606x799",13.5,12,201,100,13,12,202,100,111,true,129,0.06
"truck_subtype_refrigerated_box_powergate_v01.png","1729x910","1601x816",15.9,12,196.2,100,16,12,196,100,111,true,162,0.04
"truck_subtype_refrigerated_box_v01.png","1729x910","1589x770",10.8,12,206.4,100,11,12,206,100,111,true,162,0.05
"truck_subtype_refrigerated_wing_v01.png","1536x1024","1423x953",39.3,12,149.3,100,39,12,150,100,111,true,149,0.06
"truck_subtype_refuse_dump_v01.png","1729x910","1694x845",13.8,12,200.5,100,14,12,200,100,111,true,119,0.09
"truck_subtype_refuse_packer_v01.png","1729x910","1627x733",3,12,222,100,3,12,222,100,111,true,128,0.05
"truck_subtype_rising_dry_box_v01.png","1729x910","1387x863",33.6,12,160.7,100,34,12,160,100,111,true,158,0.06
"truck_subtype_rising_wingbody_v01.png","1536x1024","1449x942",37.1,12,153.8,100,37,12,154,100,111,true,139,0.05
"truck_subtype_road_sweeper_v01.png","1729x910","1656x723",2,14.2,224,97.8,2,14,224,98,111,false,138,0.05
"truck_subtype_sawdust_carrier_v01.png","1729x910","1681x836",13.5,12,201.1,100,13,12,202,100,111,true,124,0.06
"truck_subtype_self_loader_v01.png","1729x910","1651x595",2,31.3,224,80.7,2,31,224,81,111,false,123,0.06
"truck_subtype_sewer_dredger_v01.png","1729x910","1660x803",10.6,12,206.7,100,11,12,206,100,111,true,114,0.08
"truck_subtype_tanker_other_v01.png","1729x910","1658x755",4.2,12,219.6,100,4,17,220,95,111,true,123,0.06
"truck_subtype_tractor_v01.png","1729x910","1280x840",37.8,12,152.4,100,38,13,152,99,111,true,136,0.04
"truck_subtype_trailer_other_v01.png","1729x910","1649x790",9.6,12,208.7,100,10,12,208,100,111,true,162,0.05
"truck_subtype_transform_wide_powergate_v01.png","1536x1024","1488x606",2,20.8,224,91.2,2,21,224,91,111,false,128,0.08
"truck_subtype_underlift_v01.png","1728x910","1669x757",3.8,12,220.5,100,4,12,220,100,111,true,129,0.07
"truck_subtype_vacuum_tanker_v01.png","1729x910","1684x801",8.9,12,210.2,100,9,12,210,100,111,true,121,0.06
"truck_subtype_vehicle_transport_other_v01.png","1729x910","1617x807",13.8,12,200.4,100,14,12,200,100,111,true,130,0.06
"truck_subtype_walking_floor_v01.png","1729x910","1679x670",2,22.6,224,89.4,2,23,224,89,111,false,149,0.06
"truck_subtype_waste_other_v01.png","1729x910","1653x737",2,12.1,224,99.9,2,12,224,100,111,false,124,0.09
"truck_subtype_water_sprinkler_v01.png","1729x910","1677x700",2,18.5,224,93.5,2,18,224,94,111,false,135,0.06
"truck_subtype_wing_trailer_v01.png","1729x910","1617x824",15.9,12,196.2,100,16,12,196,100,111,true,142,0.06
"truck_subtype_wingbody_powergate_v01.png","1536x1024","1482x750",15.2,12,197.6,100,15,12,198,100,111,true,153,0.05
"truck_subtype_wingbody_v01.png","1536x1024","1473x937",35.4,12,157.2,100,35,12,158,100,111,true,144,0.06
