order,batch_id,category_code,type_code,name_ko,name_original,scale_class,palette,subject_description,mechanical_features,style_anchor,source_reference,source_file,output_file,canvas_width,canvas_height,target_width,target_height,anchor_x,baseline_y,alpha_threshold,direction,version,master_status,manual_orientation_qa,manual_structure_qa,manual_small_slot_qa,notes
1,ferrari_model_v01,car,ferrari_12cilindri_angle,12 칠린드리,Ferrari 12Cilindri,medium,Bianco Artico,front-engine grand tourer,production body and period-correct details,autoscout24_left_angle,Ferrari catalog,public/assets/quickfilter/car/ferrari-models/master/angle/ferrari_12cilindri_angle_master_v01.png,public/assets/quickfilter/car/ferrari-models/angle/ferrari_12cilindri_angle_v01.png,512,320,448,224,256,262,12,left,v01,master_generated,PASS,PASS,PASS,Encar model group
2,ferrari_model_v01,car,ferrari_296_angle,296,Ferrari 296 GTB,medium,Rosso Imola,mid-engine sports coupe,production body and period-correct details,autoscout24_left_angle,Ferrari catalog,public/assets/quickfilter/car/ferrari-models/master/angle/ferrari_296_angle_master_v01.png,public/assets/quickfilter/car/ferrari-models/angle/ferrari_296_angle_v01.png,512,320,448,224,256,262,12,left,v01,master_generated,PASS,PASS,PASS,Encar model group
3,ferrari_model_v01,car,ferrari_360_angle,360,Ferrari 360 Modena,medium,Rosso Corsa,mid-engine sports coupe,production body and period-correct details,autoscout24_left_angle,Ferrari catalog,public/assets/quickfilter/car/ferrari-models/master/angle/ferrari_360_angle_master_v01.png,public/assets/quickfilter/car/ferrari-models/angle/ferrari_360_angle_v01.png,512,320,448,224,256,262,12,left,v01,master_generated,PASS,PASS,PASS,Encar model group
4,ferrari_model_v01,car,ferrari_458_angle,458,Ferrari 458 Italia,medium,Rosso Corsa,mid-engine sports coupe,production body and period-correct details,autoscout24_left_angle,Ferrari catalog,public/assets/quickfilter/car/ferrari-models/master/angle/ferrari_458_angle_master_v01.png,public/assets/quickfilter/car/ferrari-models/angle/ferrari_458_angle_v01.png,512,320,448,224,256,262,12,left,v01,master_generated,PASS,PASS,PASS,Encar model group
5,ferrari_model_v01,car,ferrari_488_angle,488,Ferrari 488 GTB,medium,Giallo Modena,mid-engine sports coupe,production body and period-correct details,autoscout24_left_angle,Ferrari catalog,public/assets/quickfilter/car/ferrari-models/master/angle/ferrari_488_angle_master_v01.png,public/assets/quickfilter/car/ferrari-models/angle/ferrari_488_angle_v01.png,512,320,448,224,256,262,12,left,v01,master_generated,PASS,PASS,PASS,Encar model group
6,ferrari_model_v01,car,ferrari_599_angle,599,Ferrari 599 GTB,medium,Rosso Mugello,front-engine grand tourer,production body and period-correct details,autoscout24_left_angle,Ferrari catalog,public/assets/quickfilter/car/ferrari-models/master/angle/ferrari_599_angle_master_v01.png,public/assets/quickfilter/car/ferrari-models/angle/ferrari_599_angle_v01.png,512,320,448,224,256,262,12,left,v01,master_generated,PASS,PASS,PASS,Encar model group
7,ferrari_model_v01,car,ferrari_812_angle,812,Ferrari 812 Superfast,medium,Rosso Corsa,front-engine grand tourer,production body and period-correct details,autoscout24_left_angle,Ferrari catalog,public/assets/quickfilter/car/ferrari-models/master/angle/ferrari_812_angle_master_v01.png,public/assets/quickfilter/car/ferrari-models/angle/ferrari_812_angle_v01.png,512,320,448,224,256,262,12,left,v01,master_generated,PASS,PASS,PASS,Encar model group
8,ferrari_model_v01,car,ferrari_f12_angle,F12 베를리네타,Ferrari F12berlinetta,medium,Blu Tour de France,front-engine grand tourer,production body and period-correct details,autoscout24_left_angle,Ferrari catalog,public/assets/quickfilter/car/ferrari-models/master/angle/ferrari_f12_angle_master_v01.png,public/assets/quickfilter/car/ferrari-models/angle/ferrari_f12_angle_v01.png,512,320,448,224,256,262,12,left,v01,master_generated,PASS,PASS,PASS,Encar model group
9,ferrari_model_v01,car,ferrari_f355_angle,F355,Ferrari F355 Berlinetta,medium,Giallo Modena,mid-engine sports coupe,production body and period-correct details,autoscout24_left_angle,Ferrari catalog,public/assets/quickfilter/car/ferrari-models/master/angle/ferrari_f355_angle_master_v01.png,public/assets/quickfilter/car/ferrari-models/angle/ferrari_f355_angle_v01.png,512,320,448,224,256,262,12,left,v01,master_generated,PASS,PASS,PASS,Encar model group
10,ferrari_model_v01,car,ferrari_f430_angle,F430,Ferrari F430,medium,Rosso Corsa,mid-engine sports coupe,production body and period-correct details,autoscout24_left_angle,Ferrari catalog,public/assets/quickfilter/car/ferrari-models/master/angle/ferrari_f430_angle_master_v01.png,public/assets/quickfilter/car/ferrari-models/angle/ferrari_f430_angle_v01.png,512,320,448,224,256,262,12,left,v01,master_generated,PASS,PASS,PASS,Encar model group
11,ferrari_model_v01,car,ferrari_f8_angle,F8,Ferrari F8 Tributo,medium,Rosso Corsa,mid-engine sports coupe,production body and period-correct details,autoscout24_left_angle,Ferrari catalog,public/assets/quickfilter/car/ferrari-models/master/angle/ferrari_f8_angle_master_v01.png,public/assets/quickfilter/car/ferrari-models/angle/ferrari_f8_angle_v01.png,512,320,448,224,256,262,12,left,v01,master_generated,PASS,PASS,PASS,Encar model group
12,ferrari_model_v01,car,ferrari_ff_angle,FF,Ferrari FF,medium,Grigio Silverstone,shooting brake,production body and period-correct details,autoscout24_left_angle,Ferrari catalog,public/assets/quickfilter/car/ferrari-models/master/angle/ferrari_ff_angle_master_v01.png,public/assets/quickfilter/car/ferrari-models/angle/ferrari_ff_angle_v01.png,512,320,448,224,256,262,12,left,v01,master_generated,PASS,PASS,PASS,Encar model group
13,ferrari_model_v01,car,ferrari_gtc4lusso_angle,GTC4 루쏘,Ferrari GTC4Lusso,medium,Blu Abu Dhabi,shooting brake,production body and period-correct details,autoscout24_left_angle,Ferrari catalog,public/assets/quickfilter/car/ferrari-models/master/angle/ferrari_gtc4lusso_angle_master_v01.png,public/assets/quickfilter/car/ferrari-models/angle/ferrari_gtc4lusso_angle_v01.png,512,320,448,224,256,262,12,left,v01,master_generated,PASS,PASS,PASS,Encar model group
14,ferrari_model_v01,car,ferrari_sf90_angle,SF90,Ferrari SF90 Stradale,medium,Rosso Corsa,hybrid supercar,production body and period-correct details,autoscout24_left_angle,Ferrari catalog,public/assets/quickfilter/car/ferrari-models/master/angle/ferrari_sf90_angle_master_v01.png,public/assets/quickfilter/car/ferrari-models/angle/ferrari_sf90_angle_v01.png,512,320,448,224,256,262,12,left,v01,master_generated,PASS,PASS,PASS,Encar model group
15,ferrari_model_v01,car,ferrari_roma_angle,로마,Ferrari Roma,medium,Blu Roma,front-engine grand tourer,production body and period-correct details,autoscout24_left_angle,Ferrari catalog,public/assets/quickfilter/car/ferrari-models/master/angle/ferrari_roma_angle_master_v01.png,public/assets/quickfilter/car/ferrari-models/angle/ferrari_roma_angle_v01.png,512,320,448,224,256,262,12,left,v01,master_generated,PASS,PASS,PASS,Encar model group
16,ferrari_model_v01,car,ferrari_california_angle,캘리포니아,Ferrari California T,medium,Rosso California,retractable hardtop grand tourer,production body and period-correct details,autoscout24_left_angle,Ferrari catalog,public/assets/quickfilter/car/ferrari-models/master/angle/ferrari_california_angle_master_v01.png,public/assets/quickfilter/car/ferrari-models/angle/ferrari_california_angle_v01.png,512,320,448,224,256,262,12,left,v01,master_generated,PASS,PASS,PASS,Encar model group
17,ferrari_model_v01,car,ferrari_portofino_angle,포르토피노,Ferrari Portofino,medium,Rosso Portofino,retractable hardtop grand tourer,production body and period-correct details,autoscout24_left_angle,Ferrari catalog,public/assets/quickfilter/car/ferrari-models/master/angle/ferrari_portofino_angle_master_v01.png,public/assets/quickfilter/car/ferrari-models/angle/ferrari_portofino_angle_v01.png,512,320,448,224,256,262,12,left,v01,master_generated,PASS,PASS,PASS,Encar model group
18,ferrari_model_v01,car,ferrari_purosangue_angle,푸로산게,Ferrari Purosangue,large,Rosso Portofino,performance SUV,production body and period-correct details,autoscout24_left_angle,Ferrari catalog,public/assets/quickfilter/car/ferrari-models/master/angle/ferrari_purosangue_angle_master_v01.png,public/assets/quickfilter/car/ferrari-models/angle/ferrari_purosangue_angle_v01.png,512,320,448,224,256,262,12,left,v01,master_generated,PASS,PASS,PASS,Encar model group
19,ferrari_model_v01,car,ferrari_296_side,296,Ferrari 296 GTB,medium,Rosso Imola,mid-engine sports coupe,production body and period-correct details,chotot_left_side,Ferrari catalog,public/assets/quickfilter/car/ferrari-models/master/side/ferrari_296_side_master_v01.png,public/assets/quickfilter/car/ferrari-models/side/ferrari_296_side_v01.png,512,320,448,224,256,262,12,left,v01,master_generated,PASS,PASS,PASS,side comparison pilot
