slug,variant,master_file,delivery_file,canvas,target_vehicle_width,baseline,tone,source_rule
12cilindri,angle-silver,ferrari_12cilindri_angle_silver_master_v01.png,ferrari_12cilindri_angle_silver_v01.png,512x320,480,262,light metallic silver,AutoScout24 tone + ChoTot slot
296,angle-silver,ferrari_296_angle_silver_master_v01.png,ferrari_296_angle_silver_v01.png,512x320,480,262,light metallic silver,AutoScout24 tone + ChoTot slot
360,angle-silver,ferrari_360_angle_silver_master_v01.png,ferrari_360_angle_silver_v01.png,512x320,480,262,light metallic silver,AutoScout24 tone + ChoTot slot
458,angle-silver,ferrari_458_angle_silver_master_v01.png,ferrari_458_angle_silver_v01.png,512x320,480,262,light metallic silver,AutoScout24 tone + ChoTot slot
488,angle-silver,ferrari_488_angle_silver_master_v01.png,ferrari_488_angle_silver_v01.png,512x320,480,262,light metallic silver,AutoScout24 tone + ChoTot slot
599,angle-silver,ferrari_599_angle_silver_master_v01.png,ferrari_599_angle_silver_v01.png,512x320,480,262,light metallic silver,AutoScout24 tone + ChoTot slot
812,angle-silver,ferrari_812_angle_silver_master_v01.png,ferrari_812_angle_silver_v01.png,512x320,480,262,light metallic silver,AutoScout24 tone + ChoTot slot
california,angle-silver,ferrari_california_angle_silver_master_v01.png,ferrari_california_angle_silver_v01.png,512x320,480,262,light metallic silver,AutoScout24 tone + ChoTot slot
f12,angle-silver,ferrari_f12_angle_silver_master_v01.png,ferrari_f12_angle_silver_v01.png,512x320,480,262,light metallic silver,AutoScout24 tone + ChoTot slot
f355,angle-silver,ferrari_f355_angle_silver_master_v01.png,ferrari_f355_angle_silver_v01.png,512x320,480,262,light metallic silver,AutoScout24 tone + ChoTot slot
f430,angle-silver,ferrari_f430_angle_silver_master_v01.png,ferrari_f430_angle_silver_v01.png,512x320,480,262,light metallic silver,AutoScout24 tone + ChoTot slot
f8,angle-silver,ferrari_f8_angle_silver_master_v01.png,ferrari_f8_angle_silver_v01.png,512x320,480,262,light metallic silver,AutoScout24 tone + ChoTot slot
ff,angle-silver,ferrari_ff_angle_silver_master_v01.png,ferrari_ff_angle_silver_v01.png,512x320,480,262,light metallic silver,AutoScout24 tone + ChoTot slot
gtc4lusso,angle-silver,ferrari_gtc4lusso_angle_silver_master_v01.png,ferrari_gtc4lusso_angle_silver_v01.png,512x320,480,262,light metallic silver,AutoScout24 tone + ChoTot slot
portofino,angle-silver,ferrari_portofino_angle_silver_master_v01.png,ferrari_portofino_angle_silver_v01.png,512x320,480,262,light metallic silver,AutoScout24 tone + ChoTot slot
purosangue,angle-silver,ferrari_purosangue_angle_silver_master_v01.png,ferrari_purosangue_angle_silver_v01.png,512x320,480,262,light metallic silver,AutoScout24 tone + ChoTot slot
roma,angle-silver,ferrari_roma_angle_silver_master_v01.png,ferrari_roma_angle_silver_v01.png,512x320,480,262,light metallic silver,AutoScout24 tone + ChoTot slot
sf90,angle-silver,ferrari_sf90_angle_silver_master_v01.png,ferrari_sf90_angle_silver_v01.png,512x320,480,262,light metallic silver,AutoScout24 tone + ChoTot slot
