order,category_code,category_ko,primary_color,secondary_color,structure_color,glass_color,metal_color,tire_color,shadow_color,shadow_opacity_percent,shadow_width_percent,shadow_height_master_px,shadow_blur_master_px,shadow_offset_y_master_px,primary_ratio,structure_ratio,secondary_ratio,category_color_max_percent,production_method,prohibited
1,passenger,승용차,#F4F5F6,#D9DDE1,#24292F,#71818A,#B7BDC2,#101214,#12181C,12,72,10,8,2,62,34,4,4,"펄 화이트 유광 도장; 루프라인과 오버행을 측면 실루엣으로 구분","원산지별 색 구분; 고채도 전체 도장; 3/4 각도"
2,ev,전기차,#F4F5F6,#D9DDE1,#24292F,#708A92,#B7BDC2,#101214,#12181C,11,74,9,9,2,60,34,6,6,"중립 차체에 #397E7A 얇은 식별선; 막힌 그릴과 공력 휠 표현","네온 발광; 파란 배경; 충전 아이콘 합성"
3,supercar,슈퍼카,#D9DDE1,#A3322D,#202326,#657883,#B7BDC2,#101214,#12181C,13,78,8,7,2,35,30,35,35,"낮은 차고와 넓은 차폭; 딥 레드 유광 차체 또는 중립 차체 중 하나","형광 빨강; 과도한 반사; 전면 과장"
4,classic,클래식카,#E7E0D0,#526D60,#343331,#71818A,#C2C6C8,#161719,#12181C,12,70,10,8,2,45,30,25,25,"아이보리 또는 헤리티지 그린; 크롬은 얇은 몰딩에만 적용","녹; 세피아 필터; 빈티지 배경"
5,bike,바이크,#F4F5F6,#9E3B34,#24292F,#71818A,#B7BDC2,#101214,#12181C,10,58,7,6,2,48,44,8,8,"엔진과 프레임을 그래파이트로 묶고 탱크·카울만 유형별 포인트","라이더; 사이드스탠드 기울기; 포인트색 2개 이상"
6,truck,트럭·특장,#F4F5F6,#4C6272,#24292F,#71818A,#B7BDC2,#101214,#12181C,13,84,8,7,2,55,25,20,45,"백색 캡 공통; 적재함·특장 장비에 기능별 색과 구조 적용","캡 색 난립; 북미식 차체 비례; 범퍼 중심 3/4 각도"
7,bus,버스,#F4F5F6,#3E5D73,#24292F,#5E6F78,#B7BDC2,#101214,#12181C,12,86,8,8,2,55,25,20,20,"백색 차체; 창문 띠와 하부 스트라이프만 딥 블루","관광 도색; 글자·노선번호; 배경"
8,camper,캠핑카·카라반,#F3F0E8,#B39B77,#30363A,#667B84,#B7BDC2,#101214,#12181C,12,82,9,8,2,60,25,15,15,"웜 화이트 외판; 샌드 스트라이프; 주거창·어닝·오버캡 강조","실내 사진; 풍경; 과한 베이지 전체 도장"
9,heavy,건설기계,#D6A324,#B7BDC2,#252A2E,#5F7078,#9EA5AA,#101214,#12181C,14,72,10,7,2,55,30,15,65,"산업 노랑 차체와 작업장치; 트랙·하부는 차콜; 유압봉 실버","덤프트럭까지 전부 노랑; 주황 혼용; 붐 끝 크롭"
10,material,자재운반장비,#D26A2E,#B7BDC2,#252A2E,#5F7078,#596167,#101214,#12181C,14,58,10,7,2,45,30,25,50,"안전 오렌지 차체; 마스트·포크·리프트 장치는 암회색","건설기계 노랑 복제; 적재물; 작업자"
11,farm,농기계,#3F6B3E,#D8D5CC,#252A2E,#63757C,#B7BDC2,#101214,#12181C,13,70,10,8,2,45,30,25,50,"농업 그린 차체; 대형 후륜과 작업기를 측면에서 완전 노출","브랜드 로고; 농장 배경; 흙·먼지 과장"
12,marine,보트·수상레저,#F7F8F8,#274A64,#26343D,#6F8793,#B7BDC2,#101214,#12181C,8,66,7,10,2,65,20,15,15,"백색 선체; 마린 네이비 하단 띠; 좌현 정측면 누끼","물·파도·부두; 탑승자; 선체 하단 크롭"
13,parts,부품·용품,#AEB4B9,#A83B35,#2B3035,#71818A,#B7BDC2,#101214,#12181C,10,50,8,8,2,30,60,10,10,"기능이 보이는 대표 물체 1개; 금속·고무 대비; 붉은 안전 포인트","제품 묶음; 포장·가격표·문자; 카테고리 배경색"
