"index","file_name","source_site","source_listing_id","title","source_listing_url","source_image_url","year","mileage_km","displacement_cc","price_krw","region","captured_at","file_bytes","sha256"
"1","bike_listing_001_v01.webp","reitwagen","110849","혼다 레블 500","https://www.reitwagen.co.kr/products/110849","https://reitwagen-cdn.baree.net/1e2c81e9ee1dd8b0.webp","2023","9680","471","6500000","서울","2026-10-02","498620","ef61f81eba6154aa485dc3e4681548da899cb07256b0542aff01f2557d8eb369"
"2","bike_listing_002_v01.webp","reitwagen","107081","스즈키 하야부사","https://www.reitwagen.co.kr/products/107081","https://reitwagen-cdn.baree.net/83e7645b5c0cac82.webp","2022","13300","1340","16500000","경남","2026-10-02","775584","1c78071cd7a07d49496a94bf542ec474844320c28115af5edf1783ab34aa8c45"
"3","bike_listing_003_v01.webp","reitwagen","111111","존테스 125 G1","https://www.reitwagen.co.kr/products/111111","https://reitwagen-cdn.baree.net/746c387ba910a10d.webp","2023","14200","124","2000000","전북","2026-10-02","915446","5eda2936bb14781836071357031061002343a1e9869821c96f56f36b21e2c229"
"4","bike_listing_004_v01.webp","reitwagen","108967","두카티 파니갈레 V2","https://www.reitwagen.co.kr/products/108967","https://reitwagen-cdn.baree.net/c9dd75576e77c12e.webp","2023","6000","955","25000000","울산","2026-10-02","552574","05c5a2dcac803292ca65641f5987c27bf894ac8dcffec5f67e7b1b9e66e39663"
"5","bike_listing_005_v01.webp","reitwagen","110637","스즈키 버그만 스트리트 125 EX","https://www.reitwagen.co.kr/products/110637","https://reitwagen-cdn.baree.net/6d086a004b748558.webp","2024","23644","125","1690000","서울","2026-10-02","568910","9b1bf5192b83f1eba51769f8697b44e62b1cb8aaba883a1eec2037119bd0549e"
"6","bike_listing_006_v01.webp","reitwagen","110745","야마하 NMAX 125","https://www.reitwagen.co.kr/products/110745","https://reitwagen-cdn.baree.net/1e180add22a261ee.webp","2025","12738","125","3400000","서울 용산","2026-10-02","251118","aad925dfe2d8f7695c9486ad5b1ea472b3846c9e404dba9e4650ffd8ba8d10cc"
"7","bike_listing_007_v01.webp","reitwagen","111115","베스파 LX 125","https://www.reitwagen.co.kr/products/111115","https://reitwagen-cdn.baree.net/009d51093fceef3c.webp","2022","1500","124","2500000","서울","2026-10-02","873032","520422cc6d320d1d34ba1c51b0b1015c970852ffbb166caba465e8d8a815cb76"
"8","bike_listing_008_v01.webp","reitwagen","111114","혼다 CBR 650 R MT","https://www.reitwagen.co.kr/products/111114","https://reitwagen-cdn.baree.net/281f26e221c81208.webp","2023","32000","649","7500000","대전","2026-10-02","755040","1d394c49c1512df6c7d7e56fcd8797eeedbe25ab0a1e18f487aaf769f466c73e"
"9","bike_listing_009_v01.webp","reitwagen","107709","야마하 YZF R3","https://www.reitwagen.co.kr/products/107709","https://reitwagen-cdn.baree.net/19985fdd92590460.webp","2020","41500","321","1300000","경북","2026-10-02","718326","c1d57fd716b1a3b28435aaa36804a7109bf8a3b30bb24ac5493e97d93267d2c5"
"10","bike_listing_010_v01.webp","reitwagen","109529","야마하 MT 09 트레이서","https://www.reitwagen.co.kr/products/109529","https://reitwagen-cdn.baree.net/9e7e8cf5c45122b8.webp","2015","37245","847","6000000","경기","2026-10-02","489062","a53169167cea6568f01b2047747f41f836d4df00650a62fb74a955ef02af201d"
"11","bike_listing_011_v01.webp","reitwagen","110741","야마하 XMAX 300 ABS","https://www.reitwagen.co.kr/products/110741","https://reitwagen-cdn.baree.net/0efb410e66168eb4.webp","2025","36014","292","4780000","서울 용산","2026-10-02","250464","c643b4ac3e33ce0803a4c1da0fd8bacd73fe104eecbfae3fdb97aa52c5c01a4a"
"12","bike_listing_012_v01.webp","reitwagen","111112","야마하 NMAX 155","https://www.reitwagen.co.kr/products/111112","https://reitwagen-cdn.baree.net/fb1e88dadc5e2517.webp","2026","2600","155","5200000","대전","2026-10-02","1006154","9de0156860c2cb702b1247d60a050ae378e0b3bae9ac29121d6e7efe48a52bbb"
"13","bike_listing_013_v01.webp","reitwagen","110978","야마하 NMAX 125","https://www.reitwagen.co.kr/products/110978","https://reitwagen-cdn.baree.net/156aa3798fcaae95.webp","2023","9400","125","2800000","경기","2026-10-02","363430","7378c734d09d386eb717d74cc3f1589426561138964c5f9e3c027d1eefafb6aa"
"14","bike_listing_014_v01.webp","reitwagen","110652","할리데이비슨 스트리트 밥","https://www.reitwagen.co.kr/products/110652","https://reitwagen-cdn.baree.net/e9dcfa42f9b14067.webp","2025","4500","1868","24000000","인천","2026-10-02","408382","ea4397e008bc880be710dc32895baa40400c091c018e84f62190fa43db6162e6"
"15","bike_listing_015_v01.webp","reitwagen","111110","가와사키 버시스 X 250","https://www.reitwagen.co.kr/products/111110","https://reitwagen-cdn.baree.net/f2334bf45767bbf3.webp","2017","30500","248","3100000","전북","2026-10-02","834800","2f8d788beef1e5a02ae02d2af968c0bf3e560defdcebd795096f9f4e7c6ad184"
"16","bike_listing_016_v01.webp","reitwagen","110737","야마하 XMAX 300 ABS","https://www.reitwagen.co.kr/products/110737","https://reitwagen-cdn.baree.net/272e3a0bca687e6c.webp","2025","3006","292","6900000","서울 용산","2026-10-02","260592","2abb5bb20cc46b95ab5588394766f9cae055da7761bca2773a00c9953153ad1d"
"17","bike_listing_017_v01.webp","reitwagen","107822","혼다 XZ 100","https://www.reitwagen.co.kr/products/107822","https://reitwagen-cdn.baree.net/95db86d5d5269848.webp","2006","13000","99","1500000","부산","2026-10-02","403302","07cb217b9853eccd7c2cf4b3481581b52d13d2c6aec88a341a7286317d53e7c5"
"18","bike_listing_018_v01.webp","reitwagen","109594","KTM 125 듀크","https://www.reitwagen.co.kr/products/109594","https://reitwagen-cdn.baree.net/f0040b45e5a2c062.webp","2023","2500","124","3300000","전남","2026-10-02","626320","896c82c3bab70031c7ca1969d2e6fe605c0303848626af648df0817bbade0602"
"19","bike_listing_019_v01.webp","reitwagen","111109","혼다 CBR 650 R E-CLUTCH","https://www.reitwagen.co.kr/products/111109","https://reitwagen-cdn.baree.net/028fb37d5b05ddd8.webp","2025","8800","649","10800000","서울","2026-10-02","263640","12ae3ebe21edb2c17a57a620d99bf25bb79fcd1590081268aad29321d2c449c7"
"20","bike_listing_020_v01.webp","reitwagen","110736","혼다 MSX 125 그롬","https://www.reitwagen.co.kr/products/110736","https://reitwagen-cdn.baree.net/b14a40d93b7a7bbe.webp","2025","204","124","3600000","용산점","2026-10-02","272424","02f84cc097a68db672e61f68421903a5ace6cd612d5d439da7f370f6a9c3843a"
"21","bike_listing_021_v01.webp","reitwagen","109251","야마하 YZF R3","https://www.reitwagen.co.kr/products/109251","https://reitwagen-cdn.baree.net/7277631b009d00d3.webp","2018","36314","321","2800000","경남","2026-10-02","431762","1f455f46c22ccc20241edd3625b307012ef6e3ed158f8c1fa9272e0a75acef9f"
"22","bike_listing_022_v01.webp","reitwagen","111108","가와사키 닌자 400 ABS","https://www.reitwagen.co.kr/products/111108","https://reitwagen-cdn.baree.net/1dc6bae96bf55152.webp","2019","25987","399","5000000","대구","2026-10-02","541012","eb520f5efeff201bc3877bc9e52292733776ddde221071b6c1090657b88bc9f7"
"23","bike_listing_023_v01.webp","reitwagen","97729","베스파 스프린트 125 저스틴비버","https://www.reitwagen.co.kr/products/97729","https://reitwagen-cdn.baree.net/7338541315eae12f.webp","2022","7999","124","5000000","서울","2026-10-02","682340","5d5b0a9a2324a3baddd53e0e16a1b4a3133b9be07f6a7b5128f9c1e844fb579f"
"24","bike_listing_024_v01.webp","reitwagen","107967","혼다 C 125","https://www.reitwagen.co.kr/products/107967","https://reitwagen-cdn.baree.net/47c7c9be2345ac2c.webp","2025","21116","124","2800000","서울","2026-10-02","769970","6c983ae4f012647b7bbda236c65417873e50e4e2575ed05a4eddbac45f5bce1f"
"25","bike_listing_025_v01.webp","reitwagen","109847","가와사키 닌자 1000 SX","https://www.reitwagen.co.kr/products/109847","https://reitwagen-cdn.baree.net/2f677a5c5d523885.webp","2020","27129","1043","10550000","경기","2026-10-02","812678","e944aa633b81af54081ca91bf9c6c0498f54afa0feae0441f824c6d44d3b0554"
"26","bike_listing_026_v01.webp","reitwagen","111107","야마하 XMAX 300 ABS","https://www.reitwagen.co.kr/products/111107","https://reitwagen-cdn.baree.net/5dd0093f28fc8bb0.webp","2023","58000","292","4200000","경기","2026-10-02","4541302","f8e985fed19acd63beb55bf995fdb88fc7af3c34694220a53f9e7a639ac678da"
"27","bike_listing_027_v01.webp","reitwagen","111103","야마하 YZF R3","https://www.reitwagen.co.kr/products/111103","https://reitwagen-cdn.baree.net/1bf625e6a9f3bf0a.webp","2019","33800","321","4450000","경남","2026-10-02","285862","a800bff2746b0dda3ded8a2ba0dc2f8c8680937ff8166098f6dfeae710052861"
"28","bike_listing_028_v01.webp","reitwagen","109512","KR모터스 아퀼라 125","https://www.reitwagen.co.kr/products/109512","https://reitwagen-cdn.baree.net/6e43b2fb8e13a5e7.webp","2020","2048","124","2250000","경기","2026-10-02","843452","56a22a32acab7c692b921146719a11ca4cb3a0993158f3343e3cda8bc5f949d4"
"29","bike_listing_029_v01.webp","reitwagen","110638","혼다 MSX 125 SF","https://www.reitwagen.co.kr/products/110638","https://reitwagen-cdn.baree.net/259f82dc009b8c84.webp","2017","21500","124","1700000","서울","2026-10-02","319368","4624e148ac6e04db32a65e1c8d67fc6a56b8ff1c8e960c9c4f4abe32af4d2e82"
"30","bike_listing_030_v01.webp","reitwagen","109336","스즈키 하야부사","https://www.reitwagen.co.kr/products/109336","https://reitwagen-cdn.baree.net/7084faf0aa3b985b.webp","2022","24000","1340","18500000","경기","2026-10-02","177414","feace9a54d39c73f65d8f3b6e61394362271b23488905c28a82aa75334b7ec4e"
