"index","filename","source_url","sha256","bytes"
"1","001.jpg","https://cdn.chotot.com/Q-C1_KYcchi7vz_4WWCqULtMKJjdk8CgM72-b1S4_4s/preset:shopava/plain/a185d54afacf8914a1ac6f7fcabfb054-2995273709896985280.jpg","ca45117af8a380396f1a6a3045a10b3667c958066a1600d08c7ca55e6773ac8a","56679"
"2","002.jpg","https://cdn.chotot.com/3gRWuUit69XhaNWIZebs2aSdV0CxkzmwkdyYD9EriDs/preset:shopava/plain/f4544b1049954f775822f9da63016175-2988422863896865299.jpg","c604bcff2b4eed74fe4213fc1b2322c0b42c4e659afc7905051c1d791fc7d8a4","53821"
"3","003.jpg","https://cdn.chotot.com/A31tPdLJEc2YDlTno4K9BYUNZ9Dpgm4D8QAgZcZIOm8/preset:shopava/plain/cb78d8ae4b21c8ec626313445a5a596c-2797094409328552668.jpg","0dd312ed4b3222bd20092a62da1cd674067a911e3d1c7b022b3608f80ea89ce2","10864"
"4","004.jpg","https://cdn.chotot.com/uac2/2073521","69a5fd68a7ecbaf9cbdfedd56de2ce1f92711f2bd1c443cbaf5feede56d99370","30683"
"5","005.jpg","https://cdn.chotot.com/uac2/27782139","97f37ca03f78f71e02210afe6f6630936520ce970a64efc655ee41254d8501b9","47213"
"6","006.jpg","https://cdn.chotot.com/uac2/720041","2af8a30c76858fe46922f6451b535269102a7e30cf1ce714608d0e6eaa1a2119","16689"
"7","007.jpg","https://cdn.chotot.com/uac2/1364055","d9fa080ae56051413cf03c489104b31825e14e2d11bdf483457076805f68a9c7","50319"
"8","008.jpg","https://cdn.chotot.com/uac2/22782080","9dd037e11a31b64c19b173cb9d4dcccfb456dcb29c09f67799f4cf28faa3bac9","35393"
"9","009.jpg","https://cdn.chotot.com/uac2/13797714","b5e81efe4277b7ba71f6432715fbb3ec34a355e47ea0d52c27738f322c2f58cf","24735"
"10","010.jpg","https://cdn.chotot.com/uac2/3664575","2b04e93167503038ced740dcba876761e2a0d508880d36bc3038277bd1142888","35918"
"11","011.jpg","https://cdn.chotot.com/gr0sthHY8a4-hy6UaWDgz1y0qKHLK7R2UhWznjtW_TA/preset:shopava/plain/454d90de5242510419fc28e40e77c241-2998032497343419963.jpg","2f1d86020caf402b396e97d979f3ab85ace32a7b99ea65347717e20fe541eb9e","56644"
"12","012.jpg","https://cdn.chotot.com/YlmCW_AAIRV6rDY6bMh9uZOKVmDzMTOkd-6czTM6adI/preset:shopava/plain/8049d554389985b82e2b196553fdfa33-2998418115195530423.jpg","b0b672cfebee433ee0b436265761f80df9996d6c0fbe1db019286eb79e293b03","57694"
"13","013.jpg","https://cdn.chotot.com/uac2/1491697","b0c2be93bf310deb546e340d818118d738416396365d794bce394ee5b1bcb4eb","29186"
"14","014.jpg","https://cdn.chotot.com/uac2/27593046","1e94486f2234db67ba4489e93d8d62d1eefae4c810953506ee9d0a59d6405e9b","33127"
"15","015.jpg","https://cdn.chotot.com/uac2/26011799","ca3774211c046508598675048aa0e6714a54116ada2a839ce63c0561fa40da4b","37896"
"16","016.jpg","https://cdn.chotot.com/uac2/32724100","77ba38cffddd13becccf372fda883b25a518a390dfb58635e0af0ab75a2f5506","17006"
"17","017.jpg","https://cdn.chotot.com/uac2/2452448","2c8f02b3973b1319ffcbf4bd8fca03d56eaf7947e0433659cd273855a8958ac7","49264"
"18","018.jpg","https://cdn.chotot.com/5JqjKSorDrEA_e6C8mCWf_a0aRR9qbogJ21TFxEkmRs/preset:shopava/plain/917cd9e039fe23457b9421592362e8e3-2684042853560236938.jpg","fdc59258fa1ec93014113214214c631bb212068dc5450c555ac45e45a910ecac","23554"
"19","019.jpg","https://cdn.chotot.com/uac2/12363386","44a7ddacb396c95b4cb3a53018f1411d284901cf3263b23b6a9b2a81038b79bb","11575"
"20","020.jpg","https://cdn.chotot.com/uac2/11760453","bd3f8e6d9c753778d2c48130f8727e17b2e0bab16f17c1b959ee497de0a36eab","13119"
"21","021.jpg","https://cdn.chotot.com/uac2/726722","2113846bbe2d3755176290d0d7af6444bf5276a1e8db4e0a9ce9cdbd0668ca5b","23475"
"22","022.jpg","https://cdn.chotot.com/uac2/30732398","0ca158745d2db04529e843aec376f6004f964056b7233259d9bc3012ee56547c","22806"
"23","023.jpg","https://cdn.chotot.com/uac2/20498130","faa7b0beacba2e6fa38b0f20eb79d2959a905279bfbee23b856d5c34d28baf3a","17952"
"24","024.jpg","https://cdn.chotot.com/uac2/11049045","e0c80a5cbab422355c4acd49ebaa7131aaf3c83acc8a92077e007cfd55a5de94","21679"
"25","025.jpg","https://cdn.chotot.com/uac2/10458238","a369a738735e27a090e98e91610f196fe2747e7250ac225fb9ea41073a205e4e","37515"
"26","026.jpg","https://cdn.chotot.com/uac2/1366639","a27c0a1d3a1a5f978cd7e9ed739a3b94a63b12282a713d26a06aee44dd560535","50199"
"27","027.jpg","https://cdn.chotot.com/uac2/23384773","59a84ea81e4c777efd0da6014f7bc17b874a1286ae02ad58ad40907ffd108b71","19784"
"28","028.jpg","https://cdn.chotot.com/uac2/4747514","ec8baca563e1e71b8a57696b3ee29d545bc1ca44724099358d4b410e5762cefe","14751"
"29","029.jpg","https://cdn.chotot.com/uac2/3012694","fe0707b49bb5f71c8bc7e38e072f583348b6259bab4ec62776abe33ce82ea734","35030"
"30","030.jpg","https://cdn.chotot.com/RjUcJyEntlkg6kBgWrgjpNd_FcPvMVmxAKeHlmlva1o/preset:shopava/plain/dac2dcf8e3c999ffbfe4b463f6c205e9-2944996433359125711.jpg","6c2824576644ed97d2b8c84d057001889dfc47ef29b069de72acbbf2fe236f6f","42162"
"31","031.jpg","https://cdn.chotot.com/uac2/3738652","79f5c93e3da0a46815c5fd7fe60c0c0ade901646437658971b78b9a4be69a5d0","29800"
"32","032.jpg","https://cdn.chotot.com/uac2/19744058","7159527a6981ab671be74709ba3130a10df6bd4ed5b38a35904225835f08e206","32999"
"33","033.jpg","https://cdn.chotot.com/2l3maGm1CCHQc0jXoiRU5F-E85jmYFmtqv9r-kqoj20/preset:shopava/plain/6d4e528a732e308cbddb34684848de5b-2932208003706530056.jpg","ea0a5c31ab5f4c80beaa3d8b21a0509f3f361a5f5d8f2029252d932b2de06823","35203"
"34","034.jpg","https://cdn.chotot.com/uac2/29166426","6dcda33ec63b1d0efcf7dd2fae4bb0db67c89dd14b73657d1760edec1ef70435","19849"
"35","035.jpg","https://cdn.chotot.com/uac2/1287462","c0e53f3ce2593fd0d2d53a2f6c3942447720df18f25bd48a4d1732db7460f7ec","17006"
"36","036.jpg","https://cdn.chotot.com/uac2/25877314","0ad1539ea8791f894328665ab48d21286f4cfd25a3e934012833f5752b7420f9","25800"
"37","037.jpg","https://cdn.chotot.com/uac2/28830923","dc9ca4761134bdbbaf41dc03e6a253fedd8f4ab2efd8569da2e95bc1199db646","12143"
"38","038.jpg","https://cdn.chotot.com/uac2/13412758","bd347080949a2c17f0f3e65a1776b64c2e39f486648b9eef890882a3db9ec995","31828"
"39","039.jpg","https://cdn.chotot.com/uac2/673314","28dbecac002aa8b7b4ac4d5ccf29f1e9c81e89830a9e8905cec4dcd22596d6bc","14713"
"40","040.jpg","https://cdn.chotot.com/uac2/30841844","ced402c22e03eea6c37d2e5114886a859e989efe7828c0e0db9c76dab56ef94d","12430"
"41","041.jpg","https://cdn.chotot.com/uac2/29832977","f58e2e1d4f774c1da7411776a015300e05b0337d8848f1c6c67f2c05961ac31a","15908"
"42","042.jpg","https://cdn.chotot.com/uac2/18001942","880ff434b33ba7b7f55854219fa78bc4af12ec08c9d033111548db792913f47f","39126"
"43","043.jpg","https://cdn.chotot.com/uac2/2073761","71b3a931a9b1454658e888972d019fdb2e626d714ae59e9a50c45b19eb68367d","17084"
"44","044.jpg","https://cdn.chotot.com/uac2/30790537","4802c132697a33f2cf1c9ec004033d3de5fd52eb4994d4e4835432b66c160883","21716"
"45","045.jpg","https://cdn.chotot.com/uac2/3754677","63b0967f69271cb0cb7705bd379250d271ff3f4a131ba461ce21cbb49f7cbd5a","11325"
"46","046.jpg","https://cdn.chotot.com/uac2/27573738","b2d47a44a7b797c868f516802e69da361eee4d101891efcebc51af3a14bde18c","52755"
"47","047.jpg","https://cdn.chotot.com/uac2/26085863","0ed4b6396885085402fd7dc96b6b5e0d53b3fbb266d2ce2aa6189fb70edeaeaa","41442"
"48","048.jpg","https://cdn.chotot.com/uac2/28372038","cee1d2c9147dc016ab5c4ab3a511f60f396ab5195cfc3e2905435784b0989eb1","35461"
"49","049.jpg","https://cdn.chotot.com/uac2/252282","3c10707f7f29cb40721a943e39462bc9f467acb1a0652ec1cc34b64faa1a85c4","27528"
"50","050.jpg","https://cdn.chotot.com/uac2/23545767","3adbe31016d8f93a47d80eed424ac4ca554c5563ff25d2fb9413cd08092c9866","41101"
