code,file,originalWidth,originalHeight,trimWidth,trimHeight,ratio,displayWidth,displayHeight,source,sourceUrl
BKM001,BKM001_Honda.png,145,121,96,78,1.2308,28.8,23.4,라이트바겐 공식,https://files.cdn.reitwagen.co.kr/honda_c3a31dcce1/honda_c3a31dcce1.png
BKM002,BKM002_Yamaha.png,145,121,79,78,1.0128,26.2,25.8,라이트바겐 공식,https://files.cdn.reitwagen.co.kr/yamaha_f758c3809d/yamaha_f758c3809d.png
BKM003,BKM003_BMW_Motorrad.png,145,121,74,74,1.0,26.0,26.0,라이트바겐 공식,https://files.cdn.reitwagen.co.kr/bmw_4c21c75e9c/bmw_4c21c75e9c.png
BKM004,BKM004_Suzuki.png,145,121,66,68,0.9706,25.2,26,라이트바겐 공식,https://files.cdn.reitwagen.co.kr/suzuki_3c366ecf1e/suzuki_3c366ecf1e.png
BKM005,BKM005_Harley_Davidson.png,145,121,97,78,1.2436,29.0,23.3,라이트바겐 공식,https://files.cdn.reitwagen.co.kr/harleydavison_c8d74bed84/harleydavison_c8d74bed84.png
BKM006,BKM006_Kawasaki.png,145,121,72,74,0.973,25.3,26,라이트바겐 공식,https://files.cdn.reitwagen.co.kr/kawasaki_4fdca68757/kawasaki_4fdca68757.png
BKM007,BKM007_SYM.png,145,121,114,54,2.1111,37.8,17.9,라이트바겐 공식,https://files.cdn.reitwagen.co.kr/sym_b933698e94/sym_b933698e94.png
BKM008,BKM008_Vespa.png,145,121,143,53,2.6981,38,14.1,라이트바겐 공식,https://files.cdn.reitwagen.co.kr/vespa_4f3051d019/vespa_4f3051d019.png
BKM009,BKM009_Royal_Enfield.png,145,121,121,57,2.1228,37.9,17.8,라이트바겐 공식,https://files.cdn.reitwagen.co.kr/royalenfield_a449e5e210/royalenfield_a449e5e210.png
BKM010,BKM010_Ducati.png,145,121,76,78,0.9744,25.3,26,라이트바겐 공식,https://files.cdn.reitwagen.co.kr/_5b8d2f655f/_5b8d2f655f.png
