제조사,파일명,출처,메모
현대,logo_hyundai.png,https://www.autohome.com.cn/,오토홈 제공 원본 정규화
제네시스,logo_genesis.png,https://www.autohome.com.cn/,오토홈 제공 원본 정규화
기아,logo_kia.png,https://www.autohome.com.cn/,오토홈 제공 원본 정규화
쉐보레(GM대우),logo_chevroletgmdaewoo.png,https://www.autohome.com.cn/,🟡 쉐보레 로고 공용
르노코리아(삼성),logo_renault-koreasamsung.png,https://cdn.renault.co.kr/ko/main/main.jsp,르노코리아 공식 사이트의 현행 로장주 사용 확인 후 현행형으로 교체
KG모빌리티(쌍용),,사용자 직접 등록 예정,자동 처리 스킵 — 등록 전까지 UI에서 회색 자리표시 사용
기타 제조사,,내장 자리표시,로고 원본 없음 — UI에서 회색 자리표시 사용
BMW,logo_bmw.png,https://www.autohome.com.cn/,오토홈 제공 원본 정규화
BYD,logo_byd.png,https://www.autohome.com.cn/,오토홈 제공 원본 정규화
GMC,logo_gmc.png,https://www.autohome.com.cn/,오토홈 제공 원본 정규화
닛산,logo_nissan.png,https://www.autohome.com.cn/,오토홈 제공 원본 정규화
다이하쯔,logo_daihatsu.png,https://www.autohome.com.cn/,오토홈 제공 원본 정규화
닷지,logo_dodge.png,https://www.autohome.com.cn/,오토홈 제공 원본 정규화
도요타,logo_toyota.png,https://www.autohome.com.cn/,오토홈 제공 원본 정규화
동풍소콘,logo_dfsk.png,https://www.autohome.com.cn/,오토홈 제공 원본 정규화
람보르기니,logo_lamborghini.png,https://www.autohome.com.cn/,오토홈 제공 원본 정규화
랜드로버,logo_land-rover.png,https://www.autohome.com.cn/,오토홈 제공 원본 정규화
렉서스,logo_lexus.png,https://www.autohome.com.cn/,오토홈 제공 원본 정규화
로터스,logo_lotus.png,https://www.autohome.com.cn/,오토홈 제공 원본 정규화
롤스로이스,logo_rolls-royce.png,https://www.autohome.com.cn/,오토홈 제공 원본 정규화
르노,logo_renault.png,https://www.autohome.com.cn/,오토홈 제공 원본 정규화
링컨,logo_lincoln.png,https://www.autohome.com.cn/,오토홈 제공 원본 정규화
마세라티,logo_maserati.png,https://www.autohome.com.cn/,오토홈 제공 원본 정규화
마이바흐,logo_maybach.png,https://www.autohome.com.cn/,오토홈 제공 원본 정규화
마쯔다,logo_mazda.png,https://www.autohome.com.cn/,오토홈 제공 원본 정규화
맥라렌,logo_mclaren.png,https://www.autohome.com.cn/,오토홈 제공 원본 정규화
미니,logo_mini.png,https://www.autohome.com.cn/,오토홈 제공 원본 정규화
미쯔비시,logo_mitsubishi.png,https://www.autohome.com.cn/,오토홈 제공 원본 정규화
미쯔오까,logo_mitsuoka.png,https://www.autohome.com.cn/,오토홈 제공 원본 정규화
벤츠,logo_mercedes-benz.png,https://www.autohome.com.cn/,오토홈 제공 원본 정규화
벤틀리,logo_bentley.png,https://www.autohome.com.cn/,오토홈 제공 원본 정규화
볼보,logo_volvo.png,https://www.autohome.com.cn/,오토홈 제공 원본 정규화
북기은상,logo_baic-yinxiang.png,https://www.autohome.com.cn/,🟡 북기은상 = 北汽幻速(BAIC 은상) 추정
사브,logo_saab.png,https://www.autohome.com.cn/,오토홈 제공 원본 정규화
사이언,,내장 자리표시,로고 원본 없음 — UI에서 회색 자리표시 사용
신위안,logo_xin-yuan.png,https://www.autohome.com.cn/,오토홈 제공 원본 정규화
쉐보레,logo_chevrolet.png,https://www.autohome.com.cn/,오토홈 제공 원본 정규화
스마트,logo_smart.png,https://www.autohome.com.cn/,오토홈 제공 원본 정규화
스바루,logo_subaru.png,https://www.autohome.com.cn/,오토홈 제공 원본 정규화
스즈키,logo_suzuki.png,https://www.autohome.com.cn/,오토홈 제공 원본 정규화
시트로엥/DS,logo_citroen-ds.png,https://www.autohome.com.cn/,"🟡 시트로엥 로고 사용, DS는 별도(169)"
아우디,logo_audi.png,https://www.autohome.com.cn/,오토홈 제공 원본 정규화
알파 로메오,logo_alfa-romeo.png,https://www.autohome.com.cn/,오토홈 제공 원본 정규화
애스턴마틴,logo_astonmartin.png,https://www.autohome.com.cn/,오토홈 제공 원본 정규화
어큐라,logo_acura.png,https://www.autohome.com.cn/,오토홈 제공 원본 정규화
이네오스,logo_ineos.png,https://www.autohome.com.cn/,오토홈 제공 원본 정규화
인피니티,logo_infiniti.png,https://www.autohome.com.cn/,오토홈 제공 원본 정규화
재규어,logo_jaguar.png,https://www.autohome.com.cn/,오토홈 제공 원본 정규화
지리,logo_geely.png,https://www.autohome.com.cn/,오토홈 제공 원본 정규화
지프,logo_jeep.png,https://www.autohome.com.cn/,오토홈 제공 원본 정규화
캐딜락,logo_cadillac.png,https://www.autohome.com.cn/,오토홈 제공 원본 정규화
크라이슬러,logo_chrysler.png,https://www.autohome.com.cn/,오토홈 제공 원본 정규화
테슬라,logo_tesla.png,https://www.autohome.com.cn/,오토홈 제공 원본 정규화
페라리,logo_ferrari.png,https://www.autohome.com.cn/,오토홈 제공 원본 정규화
포드,logo_ford.png,https://www.autohome.com.cn/,오토홈 제공 원본 정규화
포르쉐,logo_porsche.png,https://www.autohome.com.cn/,오토홈 제공 원본 정규화
폭스바겐,logo_volkswagen.png,https://www.autohome.com.cn/,오토홈 제공 원본 정규화
폴스타,logo_polestar.png,https://www.autohome.com.cn/,오토홈 제공 원본 정규화
푸조,logo_peugeot.png,https://www.autohome.com.cn/,오토홈 제공 원본 정규화
피아트,logo_fiat.png,https://www.autohome.com.cn/,오토홈 제공 원본 정규화
험머,logo_hummer.png,https://www.autohome.com.cn/,오토홈 제공 원본 정규화
혼다,logo_honda.png,https://www.autohome.com.cn/,오토홈 제공 원본 정규화
기타 수입차,,내장 자리표시,로고 원본 없음 — UI에서 회색 자리표시 사용
