code,file,original,trimWidth,trimHeight,ratio,displayWidth,displayHeight,source
BKM001,BKM001_Honda.png,BKM001_Honda.jpg,102,83,1.2289,28.8,23.5,모토팬
BKM002,BKM002_Yamaha.png,BKM002_Yamaha.jpg,104,127,0.8189,21.3,26,모토팬
BKM003,BKM003_BMW_Motorrad.png,BKM003_BMW_Motorrad.jpg,110,109,1.0092,26.1,25.9,모토팬
BKM004,BKM004_Suzuki.png,BKM004_Suzuki.jpg,118,120,0.9833,25.6,26,모토팬
BKM005,BKM005_Harley_Davidson.png,BKM005_Harley_Davidson.jpg,110,88,1.25,29.1,23.3,모토팬
BKM006,BKM006_Kawasaki.png,BKM006_Kawasaki.jpg,108,108,1.0,26.0,26.0,모토팬
BKM007,BKM007_SYM.png,BKM007_SYM.jpg,108,107,1.0093,26.1,25.9,모토팬
BKM008,BKM008_Vespa.png,BKM008_Vespa.jpg,136,47,2.8936,38,13.1,모토팬
BKM010,BKM010_Ducati.png,BKM010_Ducati.jpg,102,109,0.9358,24.3,26,모토팬
