순서,유형,파일,방향,차체색,식별 포인트,상태
1,카고(화물)트럭,cargo.png,좌향 정측면,#F4F5F6,개방형 적재함,완료
2,윙바디·탑차,wingbody.png,좌향 정측면,#F4F5F6,근측 윙 55~60도 개방·전장 화물실 노출,재제작 완료
3,냉장·냉동차,reefer.png,좌향 정측면,#F4F5F6,밀폐 박스와 전면 냉동기,완료
4,덤프·믹서,dump.png,좌향 정측면,#F4F5F6,한국형 도로용 덤프 적재함,완료
5,크레인·고소작업차,crane.png,좌향 정측면,#F4F5F6,접힌 붐과 아웃트리거,완료
6,탱크로리,tanker.png,좌향 정측면,#F4F5F6,원통형 스테인리스 탱크,완료
7,환경·폐기물차,waste.png,좌향 정측면,#F4F5F6,밀폐 수거함과 후면 장비,완료
8,견인·운송차,transport.png,좌향 정측면,#F4F5F6,낮은 적재대와 후면 램프,완료
9,트랙터 헤드,tractor.png,좌향 정측면,#F4F5F6,독립 캡과 후방 커플러,완료
10,트레일러,trailer.png,좌향 정측면,#F4F5F6,트랙터 헤드 없는 단독 3축 평판 트레일러,재제작 완료
11,특수차,special.png,좌향 정측면,#F4F5F6,서비스 장비 박스,완료
12,버스,bus.png,좌향 정측면,#F4F5F6,한국·일본형 대형 버스 비례,완료
13,캠핑카·카라반,motorhome.png,좌향 정측면,#F4F5F6,캡오버 캠핑 박스와 측창,완료
14,기타 화물차,other.png,좌향 정측면,#F4F5F6,범용 플랫베드,완료
