순번,국가,1뎁스 제조사,제조사(영문),2뎁스 모델(기본명),3뎁스 연식(이름 표기),다나와 상품명,다나와 카테고리,분류(차종),배기량,배기량 구간(제안),기통,냉각,변속기,최고출력,최대토크,연비,시트고,연료탱크,타이어(전),타이어(후),브레이크(전),브레이크(후),ABS,스마트키,중량,크기(길이x폭x높이),색상,다나와 등록월,최저가(원),대표 이미지,다나와 URL,크로스체크
1,일본,스즈키,Suzuki,GSX-S125 ABS,,스즈키 GSX-S125 ABS,오토바이,네이키드,124cc,51~125cc,단기통,수랭식,6단변속,"14.9ps/10,000rpm","1.2kg.m/8,000rpm",45km/L,785mm,11L,90/80-17,130/70-17,디스크,디스크,Y,,133kg,"2,000x745x1,035mm","블랙, 블루",2020.03,4866800,https://img.danuri.io/catalog-image/272/930/010/9256def576c54c6bb27373caead2632d.jpg,https://prod.danawa.com/info/?pcode=10930272,✅
2,일본,스즈키,Suzuki,GSX-R125 ABS,,스즈키 GSX-R125 ABS,오토바이,슈퍼스포츠(레플리카),124cc,51~125cc,단기통,수랭식,6단변속,"14.9ps/10,000rpm","1.2kg/m/8,000rpm",45km/L,785mm,11L,90/80-17,130/70-17,디스크,디스크,Y,Y,134kg,"2,000x700x1,070mm","메탈릭 GP블루, 티탄블랙",2019.09,4856800,https://img.danuri.io/catalog-image/290/535/009/3c80c76d2d664db4813595e4efbc8de9.jpg,https://prod.danawa.com/info/?pcode=9535290,✅
3,일본,스즈키,Suzuki,버그만 스트리트 125EX,,스즈키 버그만 스트리트 125EX,스쿠터,스쿠터,124cc,51~125cc,단기통,공랭식,무단변속(CVT),"8.6ps/6,500rpm","1kg.m/5,500rpm",55.6km/L,780mm,5.5L,90/90-12,100/80-12,디스크,드럼,,,112kg,"1,905x700x1,140mm","화이트, 무광블랙",2024.04,3043360,https://img.danuri.io/catalog-image/338/561/063/e488fca45fb445619cfa5fac9c245c99.jpg,https://prod.danawa.com/info/?pcode=63561338,✅
4,일본,스즈키,Suzuki,아베니스 125,2023,스즈키 아베니스 125 2023년식,스쿠터,스쿠터,124cc,51~125cc,단기통,공랭식,무단변속(CVT),"8.7ps/6,750rpm","1kg.m/5,500rpm",53.8km/L,780mm,5.2L,90/90-12,90/100-10,니신 싱글 디스크(CBS),드럼(CBS),,,107kg,"1,895x710x1,175mm","검정, 흰색",2024.01,2734190,https://img.danuri.io/catalog-image/139/887/032/d337eab932104c6ea7e36e5c2d895301.jpg,https://prod.danawa.com/info/?pcode=32887139,✅
5,일본,야마하,Yamaha,YZF-R3 ABS,,야마하 YZF-R3 ABS,오토바이,슈퍼스포츠(레플리카),321cc,251~500cc,2기통,수랭식,6단변속,"42ps/10,750rpm",,,780mm,14L,110/70-17,140/70-17,디스크,디스크,Y,,169kg,"2,090x730x1,140mm","블랙, 레드, 블루",2019.09,8137490,https://img.danuri.io/catalog-image/982/502/012/ace4c5f315044127b8e115ea64e6d55b.jpg,https://prod.danawa.com/info/?pcode=12502982,✅
6,일본,야마하,Yamaha,NMAX 125 ABS,,야마하 NMAX 125 ABS,스쿠터,스쿠터,124cc,51~125cc,단기통,수랭식,,"12.2ps/7,500rpm","1.19kg.m/7,250rpm",,,6L,110/70-13,130/70-13,,,Y,,127kg,"1,955x740x1,115mm","무광그레이, 화이트",2020.02,2438000,https://img.danuri.io/catalog-image/261/840/047/4bf9c815a5264455b86973bf3a414dfe.jpg,https://prod.danawa.com/info/?pcode=47840261,✅
7,일본,야마하,Yamaha,NMAX 125 ABS,2021,야마하 NMAX 125 ABS 2021년식,스쿠터,스쿠터,124cc,51~125cc,단기통,수랭식,,"12.2ps/7,500rpm","1.19kg.m/7,250rpm",,765mm,6L,110/70-13,130/70-13,디스크,디스크,Y,,127kg,"1,955x740x1,115mm","무광그레이, 화이트",2020.02,4679120,https://img.danuri.io/catalog-image/088/297/013/3cfda12b91fe468a8de41653e3d1a87d.jpg,https://prod.danawa.com/info/?pcode=13297088,✅
8,일본,야마하,Yamaha,NMAX 125 ABS,2025,야마하 NMAX 125 ABS 2025년식,스쿠터,스쿠터,125cc,51~125cc,단기통,수랭식,,"12.2ps/8,000rpm","1.12kg.m/6,000rpm",,770mm,7.1L,110/70-13,130/70-13,디스크,디스크,Y,,132kg,"1,935x740x1,200mm","아이콘블랙, 밀키화이트",2026.03,4742990,https://img.danuri.io/catalog-image/213/446/108/e039b10906334645a0241f180a189506.jpg,https://prod.danawa.com/info/?pcode=108446213,✅
9,일본,야마하,Yamaha,NMAX 125 ABS,2026,야마하 NMAX 125 ABS 2026년식,스쿠터,스쿠터,125cc,51~125cc,단기통,수랭식,,"12.2ps/8,000rpm","1.12kg.m/6,000rpm",,770mm,7.1L,110/70-13,130/70-13,디스크,드럼,Y,,132kg,"1,935x740x1,200mm","세라믹그레이, 밀키화이트, 메탈릭그레이",2026.03,4679120,https://img.danuri.io/catalog-image/482/432/108/9478b44e0fc740f680b5c687013ad2af.jpg,https://prod.danawa.com/info/?pcode=108432482,✅
10,일본,야마하,Yamaha,NMAX 155 ABS,2023,야마하 NMAX 155 ABS 2023년식,스쿠터,스쿠터,155cc,126~250cc,,수랭식,무단변속(CVT),"15.3ps/8,000rpm","1.42kg.m/6,500rpm",,765mm,7.1L,110/70-13,130/70-13,디스크,디스크,Y,Y,132kg,"1,935x740x1,160mm",,2024.06,5630400,https://img.danuri.io/catalog-image/602/948/004/7a257a9457d046868accefe27f5aa994.jpg,https://prod.danawa.com/info/?pcode=4948602,🟡 기통수 미기재
11,일본,야마하,Yamaha,XMAX 300 ABS,,야마하 XMAX 300 ABS,스쿠터,스쿠터,292cc,251~500cc,단기통,수랭식,,"28ps/7,250rpm","2.95kg.m/5,750rpm",,795mm,13L,120/70-15,140/70-14,,,Y,,179kg,"2,185x775x1,415mm",무광블랙+골드,2020.01,7893600,https://img.danuri.io/catalog-image/371/414/010/0eddad8656d645f083221002c8ac63ec.jpg,https://prod.danawa.com/info/?pcode=10414371,✅
12,일본,야마하,Yamaha,트리시티 125-S,,야마하 트리시티 125-S,오토바이,트라이크,125cc,51~125cc,단기통,수랭식,,"13ps/7,500rpm","1.19kg.m/7,250rpm",,,7.2L,90/80-14,130/70-13,디스크,디스크,,,164kg,"1,980x750x1,210mm","흰색, 검정, 적색",2018.06,5593600,https://img.danuri.io/catalog-image/570/413/006/cce668aa9a504d4cbf5454fcf224228d.jpg,https://prod.danawa.com/info/?pcode=6413570,✅
13,일본,혼다,Honda,몽키 125 ABS,,혼다 몽키 125 ABS,오토바이,네이키드,124cc,51~125cc,단기통,공랭식,5단변속,"9.4ps/6,750rpm","1.1kg.m/5,500rpm",70.5km/L,779mm,5.6L,120/80-12,130/80-12,디스크,디스크,Y,,105kg,"1,710x710x1,030mm","펄 네뷸라 레드, 펄 샤이닝 블랙",2024.04,4639240,https://img.danuri.io/catalog-image/677/315/045/4d69746d86c94132a55f1e6c7b2d75f2.jpg,https://prod.danawa.com/info/?pcode=45315677,✅
14,일본,혼다,Honda,CB125R ABS,,혼다 CB125R ABS,오토바이,네이키드,125cc,51~125cc,단기통,수랭식,6단변속,"13.3ps/10,000rpm","1.1kg.m/8,000rpm",52.5km/L,816mm,10L,110/70-17,150/60-17,,,Y,,125kg,"2,015x820x1,055mm","레드, 무광그레이, 블랙, 화이트",2018.04,5479990,https://img.danuri.io/catalog-image/687/034/013/cc934199f6b7449bbdfa7edd5dc96781.jpg,https://prod.danawa.com/info/?pcode=13034687,✅
15,일본,혼다,Honda,MSX 그롬 ABS,,혼다 MSX 그롬 ABS,오토바이,네이키드,125cc,51~125cc,단기통,공랭식,5단변속,"10.1ps/7,250rpm","1.13kg.m/6,000rpm",63.5km/L,760mm,6L,120/70-12,130/70-12,디스크,디스크,Y,,105kg,"1,760x720x1,015mm","맷블랙, 실버, 화이트",2021.04,3983600,https://img.danuri.io/catalog-image/157/167/014/1bf93b252934491c915ecdd42ca6b7de.jpg,https://prod.danawa.com/info/?pcode=14167157,✅
16,일본,혼다,Honda,CRF300L ABS,,혼다 CRF300L ABS,오토바이,멀티퍼퍼스,286cc,251~500cc,단기통,수랭식,6단변속,"27.3ps/8,500rpm","2.7kg.m/6,500rpm",44km/L,880mm,7.8L,80/100-21,120/80-18,,,Y,,140kg,"2,230x820x1,200mm",레드,2021.03,7660000,https://img.danuri.io/catalog-image/384/787/013/e1eb843287f64d3ab3c5b8116f64ac0a.jpg,https://prod.danawa.com/info/?pcode=13787384,✅
17,일본,혼다,Honda,슈퍼커브110,,혼다 슈퍼커브110,오토바이,비즈니스,109cc,51~125cc,단기통,공랭식,4단변속,"8.0ps/7,000rpm","0.87kg.m/5,500rpm",63.5km/L,735mm,4.3L,70/90-17,80/90-17,,,,,100kg,"1,915x700x1,050mm","베이지, 그린, 옐로우, 블루",2019.04,2779990,https://img.danuri.io/catalog-image/287/859/007/678c4b4951fc45fca451391d70afc659.jpg,https://prod.danawa.com/info/?pcode=7859287,✅
18,일본,혼다,Honda,슈퍼커브110,2024,혼다 슈퍼커브110 2024년식,오토바이,비즈니스,109cc,51~125cc,단기통,공랭식,4단변속,"9.1ps/8,000rpm","1kg.m/5,500rpm",66.5km/L,740mm,4.2L,70/90-17,80/90-17,,,,,100kg,"1,860x690x1,040mm","펄 호라이즌 화이트, 아스테로이드 블랙 메탈릭, 펄 카뎃 그레이, 펄 오가닉 그린",2024.02,2729600,https://img.danuri.io/catalog-image/147/032/063/69c3c2df47674d028eabd31f9030d859.jpg,https://prod.danawa.com/info/?pcode=63032147,✅
19,일본,혼다,Honda,헌터커브 CT125,,혼다 헌터커브 CT125,오토바이,비즈니스,124cc,51~125cc,단기통,공랭식,4단변속,"9.1ps/6,250rpm","1.1kg.m/4,750rpm",63km/L,800mm,5.3L,80/90-17,80/90-17,,,Y,,120kg,"1,965x790x1,085mm","레드, 그린",2024.03,4889940,https://img.danuri.io/catalog-image/319/422/041/33396d5ef733434cad16400dd1f14b4c.jpg,https://prod.danawa.com/info/?pcode=41422319,✅
20,일본,혼다,Honda,슈퍼커브 C125,,혼다 슈퍼커브 C125,오토바이,비즈니스,125cc,51~125cc,단기통,공랭식,4단변속,"9.7ps/7,500rpm","1.1kg.m/5,000rpm",69km/L,780mm,3.7L,70/90-17,80/90-17,,,Y,Y,110kg,"1,915x705x1,000mm","블루, 블랙",2020.01,4922000,https://img.danuri.io/catalog-image/013/385/010/d3b98b89347843c181756cc37aa39524.jpg,https://prod.danawa.com/info/?pcode=10385013,✅
21,일본,혼다,Honda,CBR600RR ABS,,혼다 CBR600RR ABS,오토바이,슈퍼스포츠(레플리카),599cc,501~1000cc,4기통,수랭식,6단변속,"121ps/14,250rpm","6.4kg.m/11,500rpm",25.5km/L,820mm,18L,120/70-17,180/55-17,디스크,디스크,Y,,195kg,"2,030x675x1,140mm",그랑프리 레드,2025.09,17700000,https://img.danuri.io/catalog-image/214/840/097/391b71b5a5d446df984f525340094dd5.jpg,https://prod.danawa.com/info/?pcode=97840214,✅
22,일본,혼다,Honda,CBR650R E-Clutch ABS,,혼다 CBR650R E-Clutch ABS,오토바이,슈퍼스포츠(레플리카),649cc,501~1000cc,4기통,수랭식,6단변속,"95ps/12,000rpm","6.4kg.m/9,500rpm",31.5km/L,810mm,15.4L,120/70-17,180/55-17,디스크,디스크,Y,,210kg,"2,120x725x1,145mm","레드, 맷 블랙",2026.01,13480000,https://img.danuri.io/catalog-image/588/325/103/020046da11bd44f69d55c79709bb3c51.jpg,https://prod.danawa.com/info/?pcode=103325588,✅
23,일본,혼다,Honda,비전110,,혼다 비전110,스쿠터,스쿠터,109cc,51~125cc,단기통,공랭식,,"8.7ps/7,500rpm","0.9kg.m/5,750rpm",59.4km/L,760mm,4.8L,80/90-14,90/90-14,디스크,드럼,,Y,95kg,"1,870x670x1,100mm","화이트, 블랙, 맷블랙, 실버",2021.04,2440000,https://img.danuri.io/catalog-image/309/307/016/82374035a7d54b2c8f6baf54e3ab6ecd.jpg,https://prod.danawa.com/info/?pcode=16307309,✅
24,일본,혼다,Honda,올뉴 PCX 125,,혼다 올뉴 PCX 125,스쿠터,스쿠터,124.9cc,51~125cc,단기통,수랭식,무단변속(CVT),"12.2ps/8,500rpm","1.2kg.m/5,000rpm",53.8km/L,764mm,8L,100/80-14,120/70-14,,,,Y,130kg,"1,925x745x1,105mm","무광블랙, 유광블랙, 화이트, 레드, 블루",2020.01,4949510,https://img.danuri.io/catalog-image/925/412/010/ef9edac092c54262a214997d3d1d5ad3.jpg,https://prod.danawa.com/info/?pcode=10412925,✅
25,일본,혼다,Honda,올뉴 PCX 125,2021,혼다 올뉴 PCX 125 2021년식,스쿠터,스쿠터,124.9cc,51~125cc,단기통,수랭식,무단변속(CVT),"12.5ps/8,750rpm","1.2kg.m/6,500rpm",55km/L,764mm,8L,110/70-14,130/70-13,디스크,드럼,,Y,130kg,"1,935x740x1,105mm","화이트, 맷 블랙",2015.12,4957880,https://img.danuri.io/catalog-image/243/160/013/cfd7d658edea492a8391fa6934abce95.jpg,https://prod.danawa.com/info/?pcode=13160243,🔴 이름은 2021년식인데 다나와 등록월 2015.12 (상품을 재사용한 것으로 보임)
26,일본,혼다,Honda,올뉴 PCX 125 ABS,2021,혼다 올뉴 PCX 125 ABS 2021년식,스쿠터,스쿠터,124.9cc,51~125cc,단기통,수랭식,무단변속(CVT),"12.5ps/8,750rpm","1.2kg.m/6,500rpm",55km/L,764mm,8L,110/70-14,130/70-13,디스크,드럼,Y,,130kg,"1,935x740x1,105mm","화이트, 맷 블랙, 맷 실버, 블루, 맷 그레이",2017.05,4948590,https://img.danuri.io/catalog-image/494/314/013/7f7e31a796754dfb8a3acf037add2652.jpg,https://prod.danawa.com/info/?pcode=13314494,🔴 이름은 2021년식인데 다나와 등록월 2017.05 (상품을 재사용한 것으로 보임)
27,일본,혼다,Honda,디오 125,,혼다 디오 125,스쿠터,스쿠터,125cc,51~125cc,단기통,공랭식,,"8.83ps/7,000rpm",,,,6L,,,,,,,,"675x1,814x1,097mm","흰색, 검정색, 은색",2016.04,2760000,https://img.danuri.io/catalog-image/990/692/012/683cb10babe24d9c9743dc2e793d4d33.jpg,https://prod.danawa.com/info/?pcode=12692990,🔴 크기 길이·폭 순서가 뒤바뀜(다나와 입력 오류)
28,일본,혼다,Honda,올뉴 PCX 125 ABS,2025,혼다 올뉴 PCX 125 ABS 2025년식,스쿠터,스쿠터,125cc,51~125cc,단기통,수랭식,무단변속(CVT),"12.5ps/8,750rpm","1.2kg.m/6,500rpm",55km/L,763mm,8.1L,110/70-14,130/70-13,디스크,디스크,Y,Y,140kg,"1,935x725x1,125mm","펄 화이트, 맷 블랙, 펄 블랙, 펄 그레이",2025.12,4499000,https://img.danuri.io/catalog-image/387/954/101/0cd9fd763429497da6adb65d0a15486d.jpg,https://prod.danawa.com/info/?pcode=101954387,✅
29,일본,혼다,Honda,올뉴 PCX 125 ABS,2026,혼다 올뉴 PCX 125 ABS 2026년식,스쿠터,스쿠터,125cc,51~125cc,단기통,수랭식,,"12.5ps/8,750rpm","1.2kg.m/6,500rpm",55km/L,763mm,8.1L,110/70-14,130/70-13,디스크,디스크,Y,Y,140kg,"1,935x725x1,125mm","펄 화이트, 맷 블랙, 펄 블랙, 펄 그레이",2026.03,4499000,https://img.danuri.io/catalog-image/248/447/108/0fa00304eca148219f6d9b322d41aac0.jpg,https://prod.danawa.com/info/?pcode=108447248,✅
30,일본,혼다,Honda,ADV 350,,혼다 ADV 350,스쿠터,스쿠터,330cc,251~500cc,단기통,수랭식,무단변속(CVT),"29.4ps/7,500rpm","3.3kg.m/5,250rpm",38km/L,795mm,11.7L,120/70-15,140/70-14,디스크,디스크,Y,,185kg,"2,200x895x1,295~1,430mm","블랙, 그레이, 레드",2021.03,8670000,https://img.danuri.io/catalog-image/448/416/053/4b1f13fc095d487fb660d396c2bf1e39.jpg,https://prod.danawa.com/info/?pcode=53416448,✅
31,일본,혼다,Honda,포르자350,,혼다 포르자350,스쿠터,스쿠터,330cc,251~500cc,단기통,수랭식,무단변속(CVT),"29.4ps/7,000rpm","3.26kg.m/5,750rpm",38km/L,780mm,11.7L,120/70-15,140/70-14,디스크,디스크,,,185kg,"2,145x745x1,360~1,505mm","화이트, 맷 블랙, 맷 블루, 그레이",2021.07,7667670,https://img.danuri.io/catalog-image/075/846/014/594568c2b98d469ba9c4b8a480d344c1.jpg,https://prod.danawa.com/info/?pcode=14846075,✅
32,일본,혼다,Honda,X-ADV,,혼다 X-ADV,스쿠터,스쿠터,745cc,501~1000cc,2기통,수랭식,더블클러치변속(DCT),"55ps/6,250rpm","6.9kg.m/4,750rpm",40km/L,790mm,13.1L,120/70-17,160/60-15,디스크,디스크,,,240kg,"2,230x910x1,345mm","레드, 무광그린, 무광실버, 무광화이트",2019.09,16650000,https://img.danuri.io/catalog-image/526/527/009/6e5f39e011934b069a1d019b859e82d8.jpg,https://prod.danawa.com/info/?pcode=9527526,✅
33,한국,KR모터스(구 효성),KR Motors,파트너100,,KR모터스 파트너100,스쿠터,스쿠터,99.7cc,51~125cc,단기통,수랭식,무단변속(CVT),"8.2ps/7,500rpm","0.8kg.m/6,000rpm",,735mm,6.4L,90/90-12,100/90-10,디스크,드럼,,,,"1,815x685x1,090mm","흰색, 검정, 빨강",2020.11,2391910,https://img.danuri.io/catalog-image/086/723/012/3cce23f6ddff48a6aeb55de30d016f40.jpg,https://prod.danawa.com/info/?pcode=12723086,✅
34,한국,KR모터스(구 효성),KR Motors,그란투스 125,,KR모터스 그란투스 125,스쿠터,스쿠터,124cc,51~125cc,,수랭식,무단변속(CVT),"10.5ps/9,000rpm","1.14kg.m/6,500rpm",,760mm,7.8L,110/90-13,130/70-12,디스크,,,,160kg,"2,110x760x1,400mm",,2020.03,4314800,https://img.danuri.io/catalog-image/081/225/014/339939738821467299c75d8f6d284499.jpg,https://prod.danawa.com/info/?pcode=14225081,🟡 기통수 미기재
35,한국,KR모터스(구 효성),KR Motors,케이윈 125 ABS,,KR모터스 케이윈 125 ABS,스쿠터,스쿠터,124cc,51~125cc,단기통,수랭식,무단변속(CVT),"14.5ps/8,500rpm",,,750mm,9.3L,110/80-14,130/70-13,디스크,디스크,Y,,155kg,"1,965x735x1,185mm",,2022.10,3943190,https://img.danuri.io/catalog-image/197/161/019/430919dae95149e9a177dc7f90507408.jpg,https://prod.danawa.com/info/?pcode=19161197,✅
36,한국,KR모터스(구 효성),KR Motors,로디 125,,KR모터스 로디 125,스쿠터,스쿠터,124.6cc,51~125cc,,공랭식,,"9.7ps/7,000rpm","1.07kg.m/5,500rpm",,750mm,6.5L,89/89-10,89/89-10,디스크,드럼,,,120kg,"1,860x700x1,090mm","블랙, 레드, 그레이",2026.03,2557490,https://img.danuri.io/catalog-image/552/419/108/6b4c38bb0dd6408d98f1eedcaa08a2b9.jpg,https://prod.danawa.com/info/?pcode=108419552,🟡 기통수 미기재
37,한국,KR모터스(구 효성),KR Motors,비버 125V DLX,,KR모터스 비버 125V DLX,스쿠터,스쿠터,124.6cc,51~125cc,,강제공랭식,,"10.2ps/8,500rpm","0.95kg.m/6,500rpm",,740mm,6.2L,110/70-12,120/70-12,디스크,디스크,,,119kg,"1,900x685x1,115mm","화이트, 레드, 블랙",2018.05,2612800,https://img.danuri.io/catalog-image/490/167/006/391a8679a7064a9696c3e4275d645d67.jpg,https://prod.danawa.com/info/?pcode=6167490,🟡 기통수 미기재
38,한국,KR모터스(구 효성),KR Motors,비버 125V STD,,KR모터스 비버 125V STD,스쿠터,스쿠터,124.6cc,51~125cc,,강제공랭식,,"10.2ps/8,500rpm","0.95kg.m/6,500rpm",,740mm,6.2L,110/70-12,120/70-12,디스크,드럼,,,119kg,"1,900x685x1,115mm","화이트, 레드, 블랙",2018.05,2714000,https://img.danuri.io/catalog-image/652/339/013/f82944d94add4130a550adb86e687912.jpg,https://prod.danawa.com/info/?pcode=13339652,🟡 기통수 미기재
39,한국,KR모터스(구 효성),KR Motors,그란투스 125,2025,KR모터스 그란투스 125 2025년식,스쿠터,스쿠터,124.9cc,51~125cc,,수랭식,무단변속(CVT),"13.3ps/9,000rpm","1.14kg.m/6,500rpm",,760mm,7.6L,110/90-13,130/70-12,,,,,160kg,"2,110x760x1,400mm",,2023.07,4462000,https://img.danuri.io/catalog-image/263/600/075/6eea867e711b41e8a50cc10b78bde46e.jpg,https://prod.danawa.com/info/?pcode=75600263,🔴 이름은 2025년식인데 다나와 등록월 2023.07 (상품을 재사용한 것으로 보임) / 🟡 기통수 미기재
40,한국,KR모터스(구 효성),KR Motors,욜로 125 ABS,,KR모터스 욜로 125 ABS,스쿠터,스쿠터,125cc,51~125cc,단기통,수랭식,무단변속(CVT),"11.3ps/8,500rpm","1.13kg.m/6,500rpm",,760mm,6L,100/90-12,110/90-12,디스크,디스크,Y,,120kg,"1,915x710x1,100mm","화이트, 블랙, 옐로우",2022.08,2614640,https://img.danuri.io/catalog-image/544/917/017/c1fb297343004c97bd0380ac9e9347b1.jpg,https://prod.danawa.com/info/?pcode=17917544,✅
41,한국,KR모터스(구 효성),KR Motors,아퀼라 125,,KR모터스 아퀼라 125,오토바이,크루저,124.7cc,51~125cc,,수랭식,5단변속,"14ps/10,000rpm","1kg.m/9,250rpm",,710mm,12L,120/80-16,150/80-15,디스크,디스크,,,165kg,"2,062x752x1,000mm",블랙,2020.03,4380000,https://img.danuri.io/catalog-image/380/783/010/dfef5ffb634e49e28aa9baba156405c2.jpg,https://prod.danawa.com/info/?pcode=10783380,🟡 기통수 미기재
42,한국,KR모터스(구 효성),KR Motors,아퀼라 125,2022,KR모터스 아퀼라 125 2022년식,오토바이,크루저,124.7cc,51~125cc,,수랭식,5단변속,"13.9ps/10,000rpm","1kg.m/9,250rpm",,710mm,12L,120/80-16,150/80-15,디스크,디스크,,,165kg,"2,085x760x1,050mm",블랙,2020.03,4278000,https://img.danuri.io/catalog-image/273/772/016/9249358d1e924af18559974d71a7100f.jpg,https://prod.danawa.com/info/?pcode=16772273,🔴 이름은 2022년식인데 다나와 등록월 2020.03 (상품을 재사용한 것으로 보임) / 🟡 기통수 미기재
43,한국,KR모터스(구 효성),KR Motors,아퀼라300 GV300S ABS,,KR모터스 아퀼라300 GV300S ABS,오토바이,크루저,296cc,251~500cc,,수랭식,5단변속,"30ps/8,500rpm","2.61kg.m/6,500rpm",36.8km/L,710mm,12.5L,120/80-16,150/80-15,디스크,디스크,Y,,165kg,"2,062x752x1,000mm",블랙,2020.05,5474000,https://img.danuri.io/catalog-image/431/275/011/73a5f34c7a57457db93f63140f0fd569.jpg,https://prod.danawa.com/info/?pcode=11275431,🟡 기통수 미기재
44,한국,KR모터스(구 효성),KR Motors,아퀼라300S 슈프림 GV300SS ABS,,KR모터스 아퀼라300S 슈프림 GV300SS ABS,오토바이,크루저,296cc,251~500cc,2기통,수랭식,6단변속,"30ps/8,500rpm","2.61kg.m/6,500rpm",,710mm,12.5L,120/80-16,150/80-15,디스크,디스크,Y,,170kg,"2,080x750x1,050mm",블랙,2022.09,6380000,https://img.danuri.io/catalog-image/265/917/017/ef9d446a813f4c928d26057044e18bdb.jpg,https://prod.danawa.com/info/?pcode=17917265,✅
45,한국,디앤에이모터스(구 대림),DNA Motors,올코트100,,디앤에이모터스 올코트100,오토바이,ATV(4륜차),95.6cc,51~125cc,,강제공랭식,,,,,700mm,4.5L,175/75-8,225/55-8,드럼,드럼,,,,"1,525x890x930mm",,2023.02,4823000,https://img.danuri.io/catalog-image/108/530/021/a0cb30eaa507440881603d919c5c4dd3.jpg,https://prod.danawa.com/info/?pcode=21530108,"🟡 최고출력 미기재 / 🟡 기통수 미기재 / 🟡 ATV — 이륜차 아님, 별도 분류 필요"
46,한국,디앤에이모터스(구 대림),DNA Motors,시티에이스 100,,디앤에이모터스 시티에이스 100,오토바이,비즈니스,99.7cc,51~125cc,,공랭식,,,,,756mm,4L,2.75-16,3.0-16,디스크,드럼,,,105kg,"1,930x660x1,080mm",레드,2020.03,2484000,https://img.danuri.io/catalog-image/201/779/010/1a3e404d90b34b688017c6b54fe0674a.jpg,https://prod.danawa.com/info/?pcode=10779201,🟡 최고출력 미기재 / 🟡 기통수 미기재
47,한국,디앤에이모터스(구 대림),DNA Motors,시티베스트 CB115,,디앤에이모터스 시티베스트 CB115,오토바이,비즈니스,113.6cc,51~125cc,단기통,공랭식,4단변속,"9.4ps/8,000rpm",,75.8km/L,760mm,4L,2.75-16,3.00-16,,,,,104kg,"1,785x685x1,260mm",레드,2020.03,2739880,https://img.danuri.io/catalog-image/027/779/010/03e2a994b09140c39f0e3044382e40b7.jpg,https://prod.danawa.com/info/?pcode=10779027,✅
48,한국,디앤에이모터스(구 대림),DNA Motors,커플50,,디앤에이모터스 커플50,스쿠터,스쿠터,50cc,50cc 이하,,수랭식,무단변속(CVT),"4.5ps/8,500rpm",,50km/L,725mm,5L,90/90-10,90/90-10,디스크,드럼,,,85kg,"1,750x720x1,065mm","진하늘색, 라임녹색, 연지색",2015.04,1650000,https://img.danuri.io/catalog-image/467/312/003/094c8f873ccc4dcd87cf916b8251eb89.jpg,https://prod.danawa.com/info/?pcode=3312467,🟡 기통수 미기재
49,한국,디앤에이모터스(구 대림),DNA Motors,UCR 100,,디앤에이모터스 UCR 100,스쿠터,스쿠터,99.7cc,51~125cc,단기통,,무단변속(CVT),,,,730mm,5.5L,90/90-10,100/90-10,디스크,드럼,,,105kg,"1,775x685x1,060mm","블랙, 실버",2022.03,2438000,https://img.danuri.io/catalog-image/402/530/021/3e57d07933be42cb9ab9eed8bb7c3bee.jpg,https://prod.danawa.com/info/?pcode=21530402,🟡 최고출력 미기재
50,한국,디앤에이모터스(구 대림),DNA Motors,UCR 100,2022,디앤에이모터스 UCR 100 2022년식,스쿠터,스쿠터,99.7cc,51~125cc,단기통,,무단변속(CVT),,,,730mm,5.5L,90/90-10,100/90-10,디스크,드럼,,,105kg,"1,775x685x1,060mm","블랙, 실버",2022.03,2300000,https://img.danuri.io/catalog-image/188/506/016/0d32340380a94796950a9d4a10c63ce9.jpg,https://prod.danawa.com/info/?pcode=16506188,🟡 최고출력 미기재
51,한국,디앤에이모터스(구 대림),DNA Motors,VF100P,2021,디앤에이모터스 VF100P 2021년식,스쿠터,스쿠터,99.7cc,51~125cc,단기통,공랭식,,,,,723mm,6L,90/90-10,90/90-10,디스크,드럼,,,105kg,"1,775x645x1,065mm","레드, 블랙, 실버",2021.02,2502400,https://img.danuri.io/catalog-image/802/303/013/8ca2b80444af4bb7bff9610c2d885809.jpg,https://prod.danawa.com/info/?pcode=13303802,🟡 최고출력 미기재
52,한국,디앤에이모터스(구 대림),DNA Motors,VF100P,2023,디앤에이모터스 VF100P 2023년식,스쿠터,스쿠터,99.7cc,51~125cc,단기통,공랭식,,,,,723mm,6.2L,90/90-10,90/90-10,디스크,드럼,,,105kg,"1,775x675x1,065mm","레드, 블랙, 실버",2022.03,2650000,https://img.danuri.io/catalog-image/369/639/017/8e8c479cacb14cf49a73a6724986fbc6.jpg,https://prod.danawa.com/info/?pcode=17639369,🟡 최고출력 미기재
53,한국,디앤에이모터스(구 대림),DNA Motors,VF100R,,디앤에이모터스 VF100R,스쿠터,스쿠터,99.7cc,51~125cc,단기통,공랭식,,,,,730mm,6.2L,90/90-10,90/90-10,디스크,드럼,,,105kg,"1,775x675x1,065mm","레드, 블랙",2026.03,2640000,https://img.danuri.io/catalog-image/292/463/108/dee5a8d5c53e4f00ab45d78e92178cd3.jpg,https://prod.danawa.com/info/?pcode=108463292,🟡 최고출력 미기재
54,한국,디앤에이모터스(구 대림),DNA Motors,엠보이 125,,디앤에이모터스 엠보이 125,스쿠터,스쿠터,124cc,51~125cc,,공랭식,,,,,744mm,6.5L,90/90-12,100/90-10,디스크,드럼,,,114kg,"1,870x690x1,140mm","블랙, 실버, 레드",2020.11,2939910,https://img.danuri.io/catalog-image/514/321/013/cbd798e6f4b44da7aeed1ee75a130ebb.jpg,https://prod.danawa.com/info/?pcode=13321514,🟡 최고출력 미기재 / 🟡 기통수 미기재
55,한국,디앤에이모터스(구 대림),DNA Motors,VX125,,디앤에이모터스 VX125,스쿠터,스쿠터,124.8cc,51~125cc,단기통,강제공랭식,무단변속(CVT),"9ps/7,500rpm","1.02kg.m/5,000rpm",48.8km/L,740mm,6.5L,90/90-12,100/90-10,디스크,드럼,,,115kg,"1,925x700x1,095mm","블랙, 화이트",2025.09,2930000,https://img.danuri.io/catalog-image/894/904/097/2e95ce2374f5487d9d2f9964495f73ff.jpg,https://prod.danawa.com/info/?pcode=97904894,✅
56,한국,디앤에이모터스(구 대림),DNA Motors,엠보이 미니,,디앤에이모터스 엠보이 미니,스쿠터,스쿠터,124.8cc,51~125cc,단기통,공랭식,무단변속(CVT),,,,740mm,6.5L,90/90-12,100/90-10,디스크,드럼,,,110kg,"1,825x690x1,130mm","블루, 화이트",2022.07,2474000,https://img.danuri.io/catalog-image/187/434/017/42979943781548c69900ca941998d688.jpg,https://prod.danawa.com/info/?pcode=17434187,🟡 최고출력 미기재
57,한국,디앤에이모터스(구 대림),DNA Motors,UHR 125 ABS,,디앤에이모터스 UHR 125 ABS,스쿠터,스쿠터,124.9cc,51~125cc,단기통,수랭식,무단변속(CVT),"12.24ps/8,500rpm","1.22kg.m/6,500rpm",50.97km/L,760mm,8L,110/80-14,130/70-14,디스크,디스크,Y,,145kg,"1,950x755x1,120mm","블랙, 실버, 레드, 블루, 화이트",2022.07,4240000,https://img.danuri.io/catalog-image/046/434/017/31f9683d69c44f198b4a438505d8824a.jpg,https://prod.danawa.com/info/?pcode=17434046,✅
58,한국,디앤에이모터스(구 대림),DNA Motors,XQ250 ABS,,디앤에이모터스 XQ250 ABS,스쿠터,스쿠터,247.1cc,126~250cc,단기통,수랭식,,"22ps/7,500rpm",,,,12L,120/70-15,140/60-14,,,Y,,189kg,"2,182x738x1,295mm","화이트, 레드, 메탈그레이",2020.01,5428000,https://img.danuri.io/catalog-image/451/385/010/768e8f6bb6b8421e8b9230ab19ce1f7d.jpg,https://prod.danawa.com/info/?pcode=10385451,✅
59,한국,디앤에이모터스(구 대림),DNA Motors,데이스타 125,,디앤에이모터스 데이스타 125,오토바이,크루저,125cc,51~125cc,단기통,공유랭식,5단변속,"13.2ps/9,500rpm",,,720mm,15.5L,90/90-18,130/90-15,디스크,디스크,,,160kg,"2,240x770x1,100mm","블랙, 오렌지",2018.11,3983600,https://img.danuri.io/catalog-image/325/358/003/c890bae8777748f2b218bfa451a9e1aa.jpg,https://prod.danawa.com/info/?pcode=3358325,✅
