국산/수입,제조사,엔카 매물(제조사 필터),수집 매물 합계,일치,모델그룹 수,모델(세대) 수,연료·구동 수,등급 수,행 수
국산,현대,48489,48489,✅,40,138,284,813,1427
국산,제네시스,12277,12277,✅,7,14,41,75,126
국산,기아,48653,48650,🟡 -3,40,126,260,787,1296
국산,쉐보레(GM대우),7976,7976,✅,33,59,98,299,376
국산,르노코리아(삼성),6612,6612,✅,17,34,74,266,284
국산,KG모빌리티(쌍용),8924,8924,✅,8,47,88,240,430
국산,기타 제조사,43,40,🟡 -3,2,2,2,2,2
수입,BMW,17426,17426,✅,40,93,177,705,709
수입,BYD,115,115,✅,4,4,5,7,7
수입,GMC,66,66,✅,7,8,8,13,13
수입,닛산,310,310,✅,21,24,29,41,44
수입,다이하쯔,19,19,✅,5,5,5,5,5
수입,닷지,88,88,✅,7,7,8,16,16
수입,도요타,934,934,✅,23,38,53,72,74
수입,동풍소콘,24,24,✅,3,3,4,5,5
수입,람보르기니,208,208,✅,7,7,9,24,24
수입,랜드로버,2762,2762,✅,8,19,46,152,152
수입,렉서스,1002,1002,✅,14,49,51,101,102
수입,로터스,19,19,✅,4,4,5,6,6
수입,롤스로이스,184,183,🟡 -1,6,7,7,18,18
수입,르노,1,1,✅,1,1,1,1,1
수입,링컨,580,580,✅,10,15,18,26,26
수입,마세라티,593,593,✅,7,9,19,72,72
수입,마이바흐,9,9,✅,3,3,3,3,3
수입,마쯔다,15,15,✅,5,5,5,5,5
수입,맥라렌,50,50,✅,10,10,10,12,12
수입,미니,2832,2832,✅,9,31,37,170,191
수입,미쯔비시,11,11,✅,4,4,5,8,8
수입,미쯔오까,2,2,✅,1,1,1,1,1
수입,벤츠,16688,16688,✅,33,67,150,531,536
수입,벤틀리,329,329,✅,6,12,18,45,45
수입,볼보,1974,1974,✅,16,24,43,136,136
수입,북기은상,4,4,✅,3,3,3,3,3
수입,사브,17,17,✅,4,4,6,8,9
수입,사이언,2,2,✅,1,1,1,1,1
수입,신위안,14,14,✅,1,1,1,5,5
수입,쉐보레,113,113,✅,11,11,14,21,22
수입,스마트,28,28,✅,3,6,9,16,16
수입,스바루,13,13,✅,4,4,5,6,6
수입,스즈키,46,46,✅,6,7,8,9,9
수입,시트로엥/DS,138,138,✅,9,13,19,35,35
수입,아우디,4297,4297,✅,38,66,109,324,329
수입,알파 로메오,5,5,✅,4,4,4,5,5
수입,애스턴마틴,49,49,✅,6,7,9,14,14
수입,어큐라,2,2,✅,2,2,2,2,2
수입,이네오스,9,9,✅,1,1,1,1,1
수입,인피니티,298,298,✅,15,26,32,62,62
수입,재규어,499,499,✅,16,18,39,89,90
수입,지리,11,11,✅,1,1,1,1,1
수입,지프,1759,1757,🟡 -2,7,14,27,98,98
수입,캐딜락,502,502,✅,19,21,26,43,47
수입,크라이슬러,57,57,✅,6,9,12,19,19
수입,테슬라,1985,1985,✅,5,5,7,30,30
수입,페라리,214,214,✅,18,23,24,29,29
수입,포드,1562,1561,🟡 -1,17,23,33,65,68
수입,포르쉐,3289,3289,✅,8,15,41,149,160
수입,폭스바겐,2378,2379,🟡 +1,17,33,61,112,112
수입,폴스타,250,250,✅,2,2,3,6,6
수입,푸조,499,499,✅,12,28,47,91,91
수입,피아트,69,69,✅,5,7,8,17,17
수입,험머,35,35,✅,3,4,5,7,7
수입,혼다,837,837,✅,17,26,37,51,57
수입,기타 수입차,16,16,✅,1,1,0,0,1
